0.178571,5040,198,168
0.226415,5724,195,159
0.185393,5874,211,178
0.209581,5845,202,167
0.234637,7518,221,179
0.248555,7439,216,173
0.3,9720,234,180
0.285024,12213,266,207
0.33871,11718,249,186
0.394595,13505,258,185
0.356436,14544,274,202
0.376884,14925,274,199
0.386139,15756,280,202
0.40099,16362,283,202
0.40796,16482,283,201
0.406863,16932,287,204
0.410891,16766,285,202
0.393365,17513,294,211
0.402913,17098,289,206
0.405941,16564,284,202
0.40099,16362,283,202
0.397059,16524,285,204
0.411765,17136,288,204
0.397059,16524,285,204
0.382075,17172,293,212
0.410628,17595,292,207
0.395238,17430,293,210
0.415459,17802,293,207
0.419048,18480,298,210
0.436019,19412,303,211
0.433962,19504,304,212
0.439252,20116,308,214
0.446512,20640,311,215
0.413953,19135,304,215
0.425234,19474,305,214
0.412037,19224,305,216
0.410138,19313,306,217
0.406393,19491,308,219
0.417431,19838,309,218
0.4,19360,308,220
0.406393,19491,308,219
0.4,19360,308,220
0.404545,19580,309,220
0.414414,20424,314,222
0.406114,21297,322,229
0.416667,21660,323,228
0.417391,22080,326,230
0.403361,22848,334,238
0.409283,22989,334,237
0.405858,23183,336,239
0.395918,23765,342,245
0.401674,22944,335,239
0.392562,22990,337,242
0.400826,23474,339,242
0.39834,23136,337,241
0.395062,23328,339,243
0.404959,23716,340,242
0.388889,24696,350,252
0.395918,23765,342,245
0.393443,23424,340,244
0.420408,25235,348,245
0.420408,25235,348,245
0.431452,26536,355,248
0.435484,26784,356,248
0.42,26250,355,250
0.426829,25830,351,246
0.426877,27324,361,253
0.417323,26924,360,254
0.417323,26924,360,254
0.413793,28188,369,261
0.419231,28340,369,260
0.423077,28600,370,260
0.436782,29754,375,261
0.432432,29008,371,259
0.425287,28971,372,261
0.43295,29493,374,261
0.419847,28820,372,262
0.437262,30245,378,263
0.429119,29232,373,261
0.438931,30130,377,262
0.450382,30916,380,262
0.438931,30130,377,262
0.435606,30360,379,264
0.433962,30475,380,265
0.430147,31824,389,272
0.408759,30688,386,274
0.435424,31978,389,271
0.419118,31008,386,272
0.424908,31668,389,273
0.430712,30705,382,267
0.434457,30972,383,267
0.431734,31707,388,271
0.357934,26287,368,271
0.394737,27930,371,266
0.411985,29370,377,267
0.397004,28302,373,267
0.39924,27615,368,263
0.40613,27666,367,261
0.398467,27144,365,261
0.403101,26832,362,258
0.422481,28122,367,258
0.407692,27560,366,260
0.427451,27795,364,255
0.424,26500,356,250
0.441296,26923,356,247
0.465306,27930,359,245
0.44856,26487,352,243
0.527197,30114,365,239
0.461864,25724,345,236
0.432773,24514,341,238
0.561404,29184,356,228
0.566964,28448,351,224
0.587156,27904,346,218
0.609302,28165,346,215
0.61215,28034,345,214
0.616822,28248,346,214
0.674877,27811,340,203
0.676768,26532,332,198
0.655172,26999,336,203
0.647343,27738,341,207
0.64455,28696,347,211
0.486034,15573,266,179
0.454545,15895,272,187
0.452128,15980,273,188
0.457895,16530,277,190
0.452632,16340,276,190
0.420513,15990,277,195
0.402985,16281,282,201
0.426396,16548,281,197
0.433862,15498,271,189
0.445055,14742,263,182
0.476744,14104,254,172
0.488095,13776,250,168
0.481928,13280,246,166
0.487805,13120,244,164
0.5,12800,240,160
0.525974,12474,235,154
0.540541,11840,228,148
0.586207,12325,230,145
0.611111,12672,232,144
0.631206,12549,230,141
0.65942,12558,229,138
0.673913,12834,231,138
0.708955,12730,229,134
0.744361,13167,232,133
0.972603,20732,288,146
0.946309,21009,290,149
0.97931,20590,287,145
0.934641,21879,296,153
1.06569,20002,283,137
1.07299,20139,284,137
1.08824,20128,284,136
1.15441,21352,293,136
1.19549,21147,292,133
1.23256,20511,288,129
1.288,20125,286,125
1.29921,20955,292,127
1.31746,20916,292,126
1.44828,19488,284,116
1.46957,19435,284,115
1.49138,20068,289,116
1.52101,21539,300,119
1.55556,21294,299,117
1.66071,20832,298,112
1.67857,21056,300,112
1.66372,21244,301,113
1.6875,21168,301,112
1.70536,21392,303,112
1.77064,21037,302,109
1.78704,20844,301,108
1.7963,20952,302,108
1.75926,20520,298,108
1.73394,20601,298,109
1.7156,20383,296,109
1.68519,19656,290,108
1.73394,20601,298,109
1.60909,19470,287,110
1.58716,18857,282,109
1.60748,18404,279,107
1.59259,18576,280,108
1.55963,18530,279,109
1.60185,18684,281,108
1.53636,18590,279,110
1.43636,17380,268,110
1.53636,18590,279,110
1.44954,17222,267,109
1.55046,18421,278,109
1.58491,17808,274,106
1.61538,17472,272,104
1.47619,10416,208,84
1.47619,10416,208,84
1.63636,9702,203,77
1.48718,9048,194,78
1.49351,8855,192,77
1.49351,8855,192,77
1.50649,8932,193,77
1.48718,9048,194,78
1.61333,9075,196,75
1.61333,9075,196,75
1.84848,8052,188,66
1.62667,9150,197,75
1.57692,9594,201,78
1.53165,9559,200,79
1.40698,10406,207,86
1.31183,11346,215,93
1.28723,11374,215,94
1.22826,10396,205,92
0.967033,8008,179,91
0.313043,4140,151,115
0.290598,3978,151,117
0.261194,4690,169,134
0.245283,6201,198,159
0.302632,6992,198,152
0.26087,6762,203,161
0.264925,19028,339,268
0.330317,16133,294,221
0.336323,16725,298,223
0.303704,22140,352,270
0.277992,18648,331,259
0.301961,19635,332,255
0.310484,19096,325,248
0.322314,18876,320,242
0.348018,17933,306,227
0.346491,18012,307,228
0.362385,17222,297,218
0.379147,16880,291,211
0.37619,16590,289,210
0.375,16224,286,208
0.386139,15756,280,202
0.588889,19080,286,180
0.4875,12480,238,160
0.458333,12936,245,168
0.414508,15440,273,193
0.434783,14720,264,184
0.461111,14940,263,180
0.424242,16632,282,198
0.475138,15566,267,181
0.428571,16464,280,196
0.494444,16020,269,180
0.497207,15931,268,179
0.505495,16744,274,182
0.486339,16287,272,183
0.497354,17766,283,189
0.536723,16815,272,177
0.548571,16800,271,175
0.558824,16150,265,170
0.586826,16366,265,167
0.606061,16500,265,165
0.616766,17201,270,167
0.740506,18486,275,158
0.730769,17784,270,156
0.818792,18178,271,149
0.836601,19584,281,153
0.914286,17920,268,140
1.0292,19317,278,137
0.87395,12376,223,119
1,20736,288,144
0.971963,11128,211,107
1.03922,10812,208,102
1.06931,10908,209,101
1.09,10900,209,100
1.06122,10192,202,98
1.45217,19205,282,115
1.14737,10355,204,95
1.09574,9682,197,94
1.09474,9880,199,95
1.11765,20672,288,136
1.11702,9870,199,94
1.11828,9672,197,93
1.11702,9870,199,94
1.05102,10094,201,98
1.13333,9180,192,90
1.13187,9373,194,91
1.06522,9016,190,92
1.06593,8827,188,91
1.03226,8928,189,93
1.05376,9114,191,93
1.02062,9603,196,97
1.05435,8924,189,92
1.12644,8526,185,87
0.989362,8742,187,94
1.05618,8366,183,89
1.23077,7488,174,78
1.26667,7125,170,75
1.34722,6984,169,72
1.2973,7104,170,74
1.27273,7546,175,77
1.2439,8364,184,82
1.19481,7084,169,77
1.08247,10185,202,97
1.21053,10925,210,95
1.2,9720,198,90
1.10204,10584,206,98
3.72727,64944,624,132
1.45098,15096,250,102
2.0292,38086,415,137
1.0297,10504,205,101
1.26168,14445,242,107
0.981651,11663,216,109
0.954955,11766,217,111
0.938053,11978,219,113
0.922414,12412,223,116
0.913793,12296,222,116
0.940171,12870,227,117
0.947368,12312,222,114
1.08333,12636,225,108
1.11111,12960,228,108
1.07143,13440,232,112
1.11818,13530,233,110
1.15596,13734,235,109
1.19231,12896,228,104
1.21359,12875,228,103
1.26263,12375,224,99
1.30303,12771,228,99
1.30526,11780,219,95
1.47778,11970,223,90
1.38889,11250,215,90
1.44186,10664,210,86
1.4881,10500,209,84
1.5679,10287,208,81
2.13953,15824,270,86
2.84536,26772,373,97
1.4023,10614,209,87
1.44186,10664,210,86
4.85149,49490,591,101
1.39773,10824,211,88
1.43023,10578,209,86
1.55172,11745,222,87
1.44048,10164,205,84
1.30851,11562,217,94
1.40909,10912,212,88
1.45882,10540,209,85
1.47674,10922,213,86
2.82178,28785,386,101
1.3956,11557,218,91
1.57955,12232,227,88
1.53125,14112,243,96
2.81818,27621,378,99
1.60417,14784,250,96
1.82609,15456,260,92
1.39583,12864,230,96
1.35417,12480,226,96
1.39796,13426,235,98
1.27551,12250,223,98
1.23684,7144,170,76
1.27368,11495,216,95
0.969388,9310,193,98
1.1375,7280,171,80
1.0875,6960,167,80
1.45455,6336,162,66
1.26866,5695,152,67
1.54545,4675,140,55
0.988636,7656,175,88
0.987805,6642,163,82
1.37097,5270,147,62
1.21053,6992,168,76
1.32836,5963,156,67
1.40789,8132,183,76
1.06757,5846,153,74
1,5929,154,77
0.986842,5700,151,76
0.973684,5624,150,76
1.54054,8436,188,74
1.13889,5904,154,72
0.962025,6004,155,79
0.949367,5925,154,79
0.936709,5846,153,79
0.916667,6468,161,84
0.903226,7812,177,93
1,8281,182,91
0.913978,7905,178,93
0.864583,7968,179,96
0.939394,9207,192,99
0.858586,8415,184,99
0.816327,7840,178,98
1.94074,35370,397,135
0.95098,9894,199,102
1.84783,35190,393,138
0.719298,9348,196,114
2.17822,22220,321,101
0.811111,6570,163,90
1.86885,6954,175,61
1.59091,6930,171,66
1.6129,6200,162,62
2.76536,88605,674,179
0.426036,12168,241,169
0.540323,8308,191,124
0.436464,14299,260,181
0.307229,8466,217,166
0.464706,13430,249,170
1.4,64715,516,215
0.420765,14091,260,183
0.685446,31098,359,213
0.484277,12243,236,159
0.559441,11440,223,143
0.529412,12393,234,153
0.510067,11324,225,149
0.544828,11455,224,145
0.531034,11165,222,145
0.564286,11060,219,140
0.589928,11398,221,139
0.643836,13724,240,146
0.585034,12642,233,147
0.645833,13392,237,144
0.951389,19728,281,144
0.802326,23736,310,172
0.965035,19734,281,143
0.875776,22701,302,161
0.898734,22436,300,158
0.967742,23250,305,155
0.795775,16046,255,142
0.79021,16159,256,143
0.851064,16920,261,141
0.993007,20306,285,143
1.02174,19458,279,138
1.10526,19551,280,133
0.954248,22338,299,153
1.07634,18471,272,131
1.10853,18447,272,129
1.112,17375,264,125
1.112,17375,264,125
1.18699,17958,269,123
1.17355,17182,263,121
1.14167,16440,257,120
1.15833,16680,259,120
1.17797,16402,257,118
1.16949,16284,256,118
1.19492,16638,259,118
1.24786,17082,263,117
1.24576,17346,265,118
1.26957,16790,261,115
1.29204,16498,259,113
1.2439,18819,276,123
1.45714,16065,258,105
1.45794,16692,263,107
1.46667,16170,259,105
1.69231,14014,245,91
1.57831,10873,214,83
1.65823,10349,210,79
1.9125,12240,233,80
1.98734,12403,236,79
1.9375,12400,235,80
2.07895,12008,234,76
2.09333,11775,232,75
2.23944,11289,230,71
2.0303,8844,200,66
2.35821,10586,225,67
2.01282,12246,235,78
2.71264,20532,323,87
1.9,9310,203,70
1.86301,9928,209,73
1.72727,10241,210,77
1.85526,10716,217,76
1.775,11360,222,80
1.87654,12312,233,81
1.91667,13524,245,84
1.55294,11220,217,85
1.525,9760,202,80
1.59722,8280,187,72
1.58333,8208,186,72
1.6,7840,182,70
1.64706,7616,180,68
1.64384,8760,193,73
1.72857,8470,191,70
1.70149,7638,181,67
1.72727,7524,180,66
1.84848,8052,188,66
1.70588,7888,184,68
1.6,7840,182,70
1.59722,8280,187,72
1.71233,9125,198,73
1.61039,9548,201,77
1.5125,9680,201,80
1.46835,9164,195,79
1.36585,9184,194,82
2.81818,27621,378,99
1.48193,10209,206,83
2.61616,25641,358,99
1.27174,10764,209,92
1.10989,9191,192,91
1.22619,8652,187,84
1.19048,8400,184,84
2.76238,28179,380,101
1.55128,9438,199,78
1.49123,4845,142,57
1.44068,5015,144,59
1.43939,6270,161,66
1.41538,5980,157,65
1.51563,6208,161,64
1.51563,6208,161,64
1.65152,7194,175,66
1.50769,6370,163,65
1.47826,7038,171,69
1.49296,7526,177,71
2.84722,14760,277,72
1.1125,7120,169,80
1.26582,7900,179,79
1.43056,7416,175,72
1.82857,8960,198,70
1.37879,6006,157,66
1.87097,7192,178,62
1.75385,7410,179,65
1.60294,7412,177,68
1.46875,6016,158,64
1.35714,9576,198,84
1.33333,11532,217,93
1.22917,11328,214,96
1.13462,12272,222,104
1.12037,13068,229,108
1.0991,13542,233,111
1.06897,14384,240,116
1.0082,15006,245,122
1.76119,7906,185,67
0.363636,4400,150,110
0.709302,5246,147,86
0.34188,4680,157,117
0.539063,8832,197,128
0.513761,6104,165,109
0.470085,6435,172,117
0.226923,15340,319,260
0.226923,15340,319,260
0.250965,16835,324,259
0.259542,17816,330,262
0.277344,18176,327,256
0.280156,18504,329,257
0.293893,20174,339,262
0.307692,20800,340,260
0.387597,25800,358,258
0.417625,28449,370,261
0.387454,28455,376,271
0.3879,30629,390,281
0.397004,28302,373,267
0.398524,29268,379,271
0.414449,28667,372,263
0.386617,27976,373,269
0.402256,28462,373,266
0.414063,27136,362,256
0.417323,26924,360,254
0.426877,27324,361,253
0.447876,30044,375,259
0.483333,27840,356,240
0.49789,27966,355,237
0.502092,28680,359,239
0.666667,37446,395,237
0.701299,37422,393,231
0.745536,37408,391,224
0.78341,36890,387,217
0.822967,35948,381,209
0.861905,38010,391,210
0.860577,37232,387,208
0.651741,26331,332,201
0.881443,33174,365,194
0.909091,31790,357,187
0.960674,30438,349,178
1.00552,32942,363,181
1.02924,30096,347,171
1.1227,29829,346,163
1.06875,27360,331,160
1.11613,26815,328,155
1.17333,26400,326,150
1.22148,27118,331,149
1.09655,23055,304,145
1.26207,26535,328,145
1.39552,25058,321,134
1.06061,18480,272,132
1.04,16250,255,125
0.947761,17018,261,134
1.66372,21244,301,113
1.76147,20928,301,109
1.84762,20370,299,105
1.9901,20301,302,101
2.04082,19600,298,98
2.07071,20295,304,99
2.07071,20295,304,99
2.0495,20907,308,101
2.0495,20907,308,101
2.0396,20806,307,101
1.94118,20196,300,102
1.91089,19493,294,101
1.9,19000,290,100
2.01053,18145,286,95
2.03191,17954,285,94
2.12222,17190,281,90
2.15294,15555,268,85
1.72093,12728,234,86
1.53659,10332,208,82
1.5,11094,215,86
1.47059,10625,210,85
1.6,10240,208,80
1.54878,10414,209,82
1.71429,10164,209,77
1.625,10400,210,80
1.60241,11039,216,83
1.60976,10824,214,82
1.55952,11004,215,84
1.44444,11700,220,90
1.46067,11570,219,89
1.38636,10736,210,88
1.4023,10614,209,87
1.36782,10353,206,87
1.375,10648,209,88
1.39773,10824,211,88
1.375,10648,209,88
1.47674,10922,213,86
1.47126,11136,215,87
1.35632,10266,205,87
1.52941,11050,215,85
1.47674,10922,213,86
1.4382,11392,217,89
1.66667,11760,224,84
1.48235,10710,211,85
1.5119,10668,211,84
1.47674,10922,213,86
1.43023,10578,209,86
1.56627,10790,213,83
1.50617,9882,203,81
1.74074,11421,222,81
1.26829,8528,186,82
1.59524,11256,218,84
1.16667,6048,156,72
1.08219,5767,152,73
1.4125,9040,193,80
1.4557,9085,194,79
1.47126,11136,215,87
1.03261,8740,187,92
1.02151,8835,188,93
0.939394,9207,192,99
1.0404,10197,202,99
0.969697,9504,195,99
0.911765,9486,195,102
0.979592,9408,194,98
0.930693,9494,195,101
0.88785,10165,202,107
0.839286,10528,206,112
0.803419,10998,211,117
0.781513,11067,212,119
0.821429,10304,204,112
0.803279,11956,220,122
0.901515,15708,251,132
0.976744,16254,255,129
0.946565,16244,255,131
0.95,18620,273,140
0.94964,18348,271,139
0.868056,18000,269,144
0.8375,21440,294,160
0.810458,18972,277,153
0.78882,20447,288,161
0.779141,20701,290,163
0.78481,19592,282,158
0.615854,16564,265,164
0.612121,16665,266,165
0.677419,16275,260,155
0.840764,20724,289,157
0.862745,20196,285,153
0.932432,20424,286,148
0.979866,21754,295,149
1.00667,22650,301,150
1.04636,23858,309,151
1.0596,24160,311,151
1.07237,24776,315,152
1.12583,25670,321,151
1.10596,25217,318,151
0.184615,3120,154,130
0.237037,4320,167,135
0.22963,4185,166,135
0.58011,19005,286,181
0.60221,19729,290,181
0.553648,30057,362,233
0.346154,18954,315,234
0.308271,21812,348,266
0.490842,36582,407,273
0.489051,36716,408,274
0.485714,38080,416,280
0.358696,27324,375,276
0.368613,27674,375,274
0.469178,40004,429,292
0.492857,38640,418,280
0.283505,10670,249,194
0.378182,28600,379,275
0.498195,38226,415,277
0.479592,41454,435,294
0.472603,40296,430,292
0.481605,43056,443,299
0.503472,41760,433,288
0.5,42050,435,290
0.5,42632,438,292
0.510274,43508,441,292
0.398773,10595,228,163
0.541872,22330,313,203
0.522491,43639,440,289
0.513245,46810,457,302
0.474138,25520,342,232
1.56587,174682,857,334
0.522337,44232,443,291
0.5189,43941,442,291
0.515464,43650,441,291
0.522491,43639,440,289
0.472103,25630,343,233
0.472103,25630,343,233
0.547038,45059,444,287
0.550523,45346,445,287
0.546713,45662,447,289
0.552083,45792,447,288
0.558621,46980,452,290
0.56446,46494,449,287
0.567657,52116,475,303
0.531148,49410,467,305
0.567474,47396,453,289
0.564014,47107,452,289
0.558219,47596,455,292
0.56446,46494,449,287
0.416031,28558,371,262
0.411321,28885,374,265
0.461864,25724,345,236
0.46383,25615,344,235
0.53617,29610,361,235
0.469828,25288,341,232
0.469828,25288,341,232
0.471861,25179,340,231
0.502304,23653,326,217
0.511737,23217,322,213
0.532338,21507,308,201
0.527638,20895,304,199
0.533333,20280,299,195
0.547368,19760,294,190
0.554286,16975,272,175
0.510638,18048,284,188
0.603774,15264,255,159
0.544304,13588,244,158
2.47945,52852,508,146
0.544304,13588,244,158
0.551282,13416,242,156
0.538462,13104,240,156
1.18487,16779,260,119
1.16379,15660,251,116
1.16667,15162,247,114
0.97479,13804,235,119
1.03448,13920,236,116
0.966387,13685,234,119
0.975,14040,237,120
1.09346,12519,224,107
1.12381,12390,223,105
0.655738,9760,202,122
0.733945,8720,189,109
1.09804,11424,214,102
0.724771,8611,188,109
0.699115,8927,192,113
0.582734,11259,220,139
0.595588,11016,217,136
0.595588,11016,217,136
0.541096,11534,225,146
0.612403,10191,208,129
0.980392,10200,202,102
0.97,9700,197,100
0.857143,8232,182,98
0.928571,8918,189,98
1.02151,8835,188,93
1.03333,8370,183,90
0.686869,6732,167,99
0.68,6800,168,100
0.712766,6298,161,94
0.690722,6499,164,97
0.959596,9405,194,99
1.07407,7047,168,81
0.705263,6365,162,95
0.752809,5963,156,89
1.175,7520,174,80
1.27848,7979,180,79
0.744444,6030,157,90
1.34667,7575,176,75
1.40541,7696,178,74
1.4507,7313,174,71
1.40278,7272,173,72
0.840909,6512,162,88
0.831461,6586,163,89
1.49367,9322,197,79
1.06618,19720,281,136
1.36905,9660,199,84
1.3,8320,184,80
1.24691,8181,182,81
1.25926,8262,183,81
0.736264,6097,158,91
0.728261,6164,159,92
0.992593,18090,269,135
0.807229,5561,150,83
1.02239,18358,271,134
1.05224,18894,275,134
1.44737,8360,186,76
1.32895,7676,177,76
0.807229,5561,150,83
0.87013,5159,144,77
0.848101,5293,146,79
0.930556,4824,139,72
0.858974,5226,145,78
0.87013,5159,144,77
0.87013,5159,144,77
0.882813,14464,241,128
0.889764,14351,240,127
1.78261,8487,192,69
0.603175,9576,202,126
1.33333,3888,126,54
1.30769,7956,180,78
0.768421,6935,168,95
0.784946,6789,166,93
0.744681,6580,164,94
0.769231,6370,161,91
2.70707,26532,367,99
2.54,25400,354,100
1.57143,4928,144,56
3.89109,39693,494,101
1.2,7680,176,80
1.15663,7968,179,83
1.14286,8064,180,84
1.07609,9108,191,92
0.517073,21730,311,205
0.507177,22154,315,209
0.488479,23002,323,217
0.46696,24062,333,227
0.438017,25652,348,242
0.420635,26712,358,252
0.40458,27772,368,262
0.394052,28514,375,269
0.854839,13144,230,124
0.751773,14946,247,141
0.726027,15476,252,146
0.731034,15370,251,145
0.679487,16536,262,156
0.677419,16275,260,155
0.652174,16905,266,161
0.45993,37884,419,287
0.640244,17220,269,164
0.652174,16905,266,161
0.648148,17010,267,162
0.617647,17850,275,170
0.387454,28455,376,271
0.387454,28455,376,271
0.386029,28560,377,272
0.388489,30024,386,278
0.393502,30193,386,277
0.413669,31970,393,278
0.439189,38480,426,296
0.628743,17535,272,167
0.606936,18165,278,173
0.485816,38634,419,282
0.484099,38771,420,283
0.484211,39330,423,285
0.491228,39900,425,285
0.485915,39192,422,284
0.503497,41184,430,286
0.479365,47565,466,315
0.503472,41760,433,288
0.508651,42483,436,289
0.503497,41184,430,286
0.519298,42180,433,285
0.524823,41736,430,282
0.530249,41869,430,281
0.56993,46618,449,286
0.535461,42582,433,282
0.551237,44148,439,283
0.553957,42812,432,278
0.558304,44714,441,283
0.567857,44520,439,280
0.56383,44838,441,282
0.57971,44160,436,276
0.57554,44480,438,278
0.57971,44160,436,276
0.587591,44114,435,274
0.574545,43450,433,275
0.597015,42880,428,268
0.621723,44322,433,267
0.673387,41416,415,248
0.633858,40894,415,254
0.625,46240,442,272
0.710638,39245,402,235
0.710084,40222,407,238
0.708861,39816,405,237
0.904348,47840,438,230
0.703057,36869,390,229
0.720721,35520,382,222
0.768868,34556,375,212
0.795,31800,359,200
0.79,31600,358,200
0.538462,9100,200,130
0.827957,28644,340,186
0.542636,9030,199,129
0.637795,10287,208,127
3.24,32400,424,100
0.721739,9545,198,115
4.37374,42867,532,99
0.612069,8236,187,116
0.769231,10530,207,117
1.72,9675,204,75
0.73913,9775,200,115
0.79646,10170,203,113
0.775862,10440,206,116
0.789474,10260,204,114
0.8,10580,207,115
0.810811,9990,201,111
0.803571,10080,202,112
0.721739,9545,198,115
0.763636,9240,194,110
1.10692,27984,335,159
1.22603,26134,325,146
3.08889,6255,184,45
2.95745,6533,186,47
2.7451,7140,191,51
2.68519,7830,199,54
2.61224,6272,177,49
2.02083,4656,145,48
1.78182,5390,153,55
1.90769,8060,189,65
2.06383,4559,144,47
1.83019,5141,150,53
2.1,5250,155,50
2.1,5250,155,50
1.90196,4947,148,51
3.12821,4758,161,39
3.07143,5418,171,42
3.025,4840,161,40
2.53659,4264,145,41
2.31579,7524,189,57
2.88095,5082,163,42
1.63158,5301,150,57
2.68571,3290,129,35
1.95833,4512,142,48
1.79487,2730,109,39
2.59375,23904,345,96
0.973333,5475,148,75
2.61111,7614,195,54
4.06061,39798,501,99
1.47561,9922,203,82
1.91228,6213,166,57
1.86885,6954,175,61
1.68831,10010,207,77
1.83099,9230,201,71
1.80282,9088,199,71
1.51136,11704,221,88
1.5625,10000,205,80
1.29897,12222,223,97
1.29592,12446,225,98
1.34066,11102,213,91
0.991803,14762,243,122
1.61364,12496,230,88
1.40404,13761,238,99
2.20588,40800,436,136
1.16667,13608,234,108
1.38679,15582,253,106
1.08411,12412,223,107
1.1,13310,231,110
1.04464,13104,229,112
0.84507,17040,262,142
1.08654,11752,217,104
0.916667,10692,207,108
0.945946,11655,216,111
0.875,10976,210,112
0.956522,12650,225,115
0.793388,11616,217,121
0.752066,11011,212,121
0.745902,11102,213,122
0.714286,11340,216,126
0.715385,12090,223,130
0.696296,12690,229,135
0.697674,11610,219,129
0.689922,11481,218,129
0.708661,11430,217,127
0.706349,11214,215,126
0.700787,11303,216,127
0.700787,11303,216,127
0.717742,11036,213,124
0.715447,10824,211,123
0.685039,11049,214,127
0.688,10750,211,125
0.688,10750,211,125
0.658537,9963,204,123
0.677686,9922,203,121
1.68712,44825,438,163
0.578512,8470,191,121
0.565217,7475,180,115
0.52,8125,190,125
0.544,8500,193,125
0.546218,7735,184,119
0.598425,9652,203,127
0.478992,6783,176,119
0.529412,7497,182,119
0.470588,6664,175,119
0.45,6480,174,120
2.375,12312,243,72
0.467626,9035,204,139
0.50365,9453,206,137
0.380597,6834,185,134
0.52381,11319,224,147
0.496855,12561,238,159
0.378205,9204,215,156
0.446541,11289,230,159
0.447059,12920,246,170
1.48649,8140,184,74
0.566667,8160,188,120
0.536,8375,192,125
0.492754,9384,206,138
0.323383,13065,266,201
0.455224,8174,195,134
0.352041,13524,265,196
0.38565,19178,309,223
0.447964,21879,320,221
0.445415,23358,331,229
0.428571,24276,340,238
0.449153,25016,342,236
0.483193,27370,353,238
0.456693,29464,370,254
0.459016,27328,356,244
0.479675,29028,364,246
0.455285,27552,358,246
0.463415,28044,360,246
0.450199,28363,364,251
0.447059,29070,369,255
0.451737,30303,376,259
0.416974,30623,384,271
0.428571,31941,390,273
0.437956,32880,394,274
0.428058,33082,397,278
0.408602,31806,393,279
0.427046,33720,401,281
0.382979,30456,390,282
0.409253,32315,396,281
0.330986,26696,378,284
0.320285,25290,371,281
0.34632,18480,311,231
0.609756,9225,198,123
0.231343,4154,165,134
0.483871,16740,276,186
0.497297,17020,277,185
0.527473,17472,278,182
0.535519,17934,281,183
0.548913,18584,285,184
0.571429,18928,286,182
0.688889,22320,304,180
0.554945,18382,283,182
0.53125,34816,392,256
0.442231,27861,362,251
0.541176,35190,393,255
0.525896,33132,383,251
0.554656,33839,384,247
0.560166,32535,376,241
0.587983,31921,370,233
0.583333,30324,361,228
0.609091,29480,354,220
0.61215,28034,345,214
0.325359,14212,277,209
0.651741,26331,332,201
0.340206,12804,260,194
0.360215,12462,253,186
0.744565,25208,321,184
0.68306,22875,308,183
0.717514,22479,304,177
0.380435,12880,254,184
0.701149,21228,296,174
0.706215,22125,302,177
0.751445,22490,303,173
0.689266,21594,299,177
0.497006,13861,250,167
0.51497,14362,253,167
0.533742,14181,250,163
0.55,14080,248,160
0.77707,19154,279,157
0.811688,19250,279,154
0.802632,18544,274,152
0.825503,18327,272,149
0.863946,18669,274,147
0.879195,19519,280,149
0.878378,19240,278,148
0.884354,19110,277,147
0.902778,18720,274,144
0.895105,18304,271,143
0.907143,17780,267,140
0.9,17640,266,140
0.905797,17250,263,138
0.913043,17388,264,138
0.905797,17250,263,138
0.92029,17526,265,138
0.905109,16988,261,137
0.927007,17399,264,137
0.918519,16740,259,135
0.928058,17931,268,139
0.903448,18995,276,145
0.964539,19176,277,141
0.978873,19738,281,142
0.959184,20727,288,147
0.986301,21024,290,146
0.986577,21903,296,149
1.02027,22348,299,148
1.03401,22344,299,147
1.07042,21584,294,142
1.07692,22022,297,143
1.0922,21714,295,141
1.12782,19950,283,133
1.05755,20433,286,139
1.0365,19454,279,137
1.06818,18612,273,132
1.01389,21024,290,144
1.09023,19285,278,133
1.13492,18018,269,126
1.01418,20163,284,141
1.1371,17484,265,124
1.168,18250,271,125
1.07576,18744,274,132
1.21311,18056,270,122
1.19355,18352,272,124
1.20968,18600,274,124
1.21951,18450,273,123
1.216,19000,277,125
1.30833,18840,277,120
1.26446,18513,274,121
1.34211,17442,267,114
1.3964,17205,266,111
1.46296,17064,266,108
1.08491,12190,221,106
1.18627,12342,223,102
1.15238,12705,226,105
1.11009,13189,230,109
1.0885,13899,236,113
1.14159,14577,242,113
1.16964,14672,243,112
0.808696,10695,208,115
1.17241,15776,252,116
0.789916,11186,213,119
0.918182,11110,211,110
0.909091,11000,210,110
0.95283,10706,207,106
0.962264,10812,208,106
0.981132,11024,210,106
0.990385,10712,207,104
1,10404,204,102
1.0202,9999,200,99
0.928571,8918,189,98
1.07229,7387,172,83
0.963415,6478,161,82
0.902439,6068,156,82
0.864198,5670,151,81
0.45082,26840,354,244
0.454545,26620,352,242
0.460581,26751,352,241
0.446721,26596,353,244
0.473251,27945,358,243
0.463115,27572,357,244
0.45082,26840,354,244
0.450199,28363,364,251
0.444,27750,361,250
0.447154,27060,356,246
0.46748,28290,361,246
0.457143,27440,357,245
0.473251,27945,358,243
0.485477,28197,358,241
0.588235,24480,324,204
0.506276,28919,360,239
0.338983,18880,316,236
0.547414,29464,359,232
0.334783,17710,307,230
0.378855,19522,313,227
0.340708,17402,303,226
0.336323,16725,298,223
0.375566,18343,304,221
0.388128,18615,304,219
0.540084,30336,365,237
0.356808,16188,289,213
0.376404,11926,245,178
0.354067,15466,283,209
0.437037,7965,194,135
0.431507,9198,209,146
0.365854,9840,224,164
0.388571,11900,243,175
0.375691,12308,249,181
0.290503,9308,231,179
0.381215,12489,250,181
0.378205,9204,215,156
0.425926,11178,231,162
0.446541,11289,230,159
0.339506,8910,217,162
0.455128,11076,227,156
0.464516,11160,227,155
0.460526,10640,222,152
0.490909,13365,246,165
0.480263,11096,225,152
0.482353,13940,252,170
0.477273,14784,260,176
0.456647,13667,252,173
0.48538,14193,254,171
0.460227,14256,257,176
0.460227,14256,257,176
0.464706,13430,249,170
0.769231,25480,322,182
0.786517,24920,318,178
0.79096,24780,317,177
0.784884,23220,307,172
0.833333,23520,308,168
0.810651,23153,306,169
0.855422,23572,308,166
0.814371,22712,303,167
0.824242,22440,301,165
0.871795,21216,292,156
0.92053,20989,290,151
1,22500,300,150
1,22801,302,151
1.02667,23100,304,150
1.07586,22620,301,145
1.0411,22192,298,146
1.08276,22765,302,145
1.0979,22451,300,143
1.16794,20043,284,131
1.09028,22608,301,144
1.07534,22922,303,146
1.14179,20502,287,134
1.02013,22648,301,149
1.11765,20672,288,136
1.04698,23244,305,149
1.17037,21330,293,135
1.14599,21509,294,137
1.04667,23550,307,150
1.05333,23700,308,150
1.13768,21666,295,138
1.08696,20700,288,138
1.1087,21114,291,138
1.19685,19304,279,127
1.2541,18666,275,122
1.31034,17632,268,116
1.30508,18172,272,118
1.37168,17515,268,113
1.33621,17980,271,116
1.31667,18960,278,120
1.26829,19188,279,123
1.128,17625,266,125
1.08594,17792,267,128
1.04511,18487,272,133
1.05303,18348,271,132
1.05224,18894,275,134
1.0219,19180,277,137
1.0073,18906,275,137
1.04412,19312,278,136
1.04545,18216,270,132
1.23423,15207,248,111
1.25455,15180,248,110
1.36634,13938,239,101
1.08571,11970,219,105
0.965812,13221,230,117
0.796748,12054,221,123
1.14773,8888,189,88
1.13793,8613,186,87
1.13793,8613,186,87
1.16471,8415,184,85
1.16471,8415,184,85
1.17647,8500,185,85
1.20238,8484,185,84
1.18824,8585,186,85
1.21951,8200,182,82
1.20732,8118,181,82
1.18072,8134,181,83
1.16867,8051,180,83
1.20732,8118,181,82
1.19753,7857,178,81
1.34247,7154,171,73
1.31507,7008,169,73
1.31507,7008,169,73
1.32877,7081,170,73
1.34722,6984,169,72
1.32877,7081,170,73
1.32877,7081,170,73
0.350427,19188,316,234
0.402344,26368,359,256
0.40856,26985,362,257
0.417969,27392,363,256
0.443137,28815,368,255
0.444882,28702,367,254
0.448819,28956,368,254
0.44358,29298,371,257
0.45098,29325,370,255
0.441406,28928,369,256
0.443137,28815,368,255
0.437008,28194,365,254
0.429134,27686,363,254
0.437008,28194,365,254
0.431373,28050,365,255
0.443137,28815,368,255
0.431373,28050,365,255
0.444882,28702,367,254
0.458824,29835,372,255
0.407115,26059,356,253
0.429134,27686,363,254
0.425197,27432,362,254
0.43083,27577,362,253
0.503968,32004,379,252
0.5,31752,378,252
0.52439,31734,375,246
0.526531,31605,374,245
0.540984,32208,376,244
0.62,24800,324,200
0.377119,21004,325,236
0.435,17400,287,200
0.43299,16296,278,194
0.430052,16019,276,193
0.417526,15714,275,194
0.393782,14668,269,193
0.403141,14707,268,191
0.402116,14364,265,189
0.410526,14820,268,190
0.315789,11400,250,190
0.307292,11328,251,192
0.320856,11220,247,187
0.437838,14985,266,185
0.329609,10561,238,179
0.454023,13746,253,174
0.453488,13416,250,172
0.503268,11781,230,153
0.512987,12166,233,154
0.786127,23528,309,173
0.811765,23460,308,170
0.779006,25521,322,181
0.758242,25116,320,182
0.736559,25482,323,186
0.371728,13561,262,191
0.335106,11844,251,188
0.320652,10856,243,184
0.417143,12775,248,175
0.425287,12876,248,174
0.327778,10620,239,180
0.418994,13425,254,179
0.327485,9576,227,171
0.456647,13667,252,173
0.485207,13858,251,169
0.404762,11424,236,168
0.487805,13120,244,164
0.512195,13776,248,164
0.512195,13776,248,164
0.469136,12312,238,162
0.779762,22008,299,168
0.795181,21912,298,166
0.481013,12008,234,158
0.797546,21190,293,163
0.796296,20898,291,162
0.79375,20320,287,160
0.766871,20375,288,163
0.808917,19939,284,157
0.793548,19065,278,155
0.809211,18696,275,152
0.837838,18352,272,148
0.858108,18796,275,148
0.861842,19912,283,152
0.893333,20100,284,150
0.899329,19966,283,149
0.905405,19832,282,148
0.944056,19305,278,143
0.926174,20562,287,149
0.944444,19584,280,144
0.985714,19320,278,140
1.0365,19454,279,137
1.04412,19312,278,136
1.02857,20160,284,140
1.02158,19738,281,139
1.07519,19019,276,133
1.10606,19272,278,132
1.08955,19564,280,134
1.13953,18963,276,129
1.176,18375,272,125
1.168,18250,271,125
1.19355,18352,272,124
1.25424,17464,266,118
1.24576,17346,265,118
1.33636,16170,257,110
1.37963,16092,257,108
1.41905,15645,254,105
1.44554,14746,247,101
1.37963,16092,257,108
1.5,14406,245,98
1.5102,14504,246,98
1.42453,16006,257,106
1.5102,14504,246,98
1.59184,15288,254,98
1.58333,14592,248,96
1.61053,14535,248,95
1.66667,15360,256,96
1.66316,15010,253,95
1.5,13254,235,94
1.78261,15088,256,92
1.65909,12848,234,88
1.5977,12093,226,87
1.64706,11900,225,85
1.70732,11480,222,82
1.63855,11288,219,83
1.5,11616,220,88
1.11236,8811,188,89
1.05319,9306,193,94
1.06383,9400,194,94
0.904255,7990,179,94
0.885417,8160,181,96
0.758929,9520,197,112
0.758929,9520,197,112
1.16667,6048,156,72
1.16667,6048,156,72
1.16667,6048,156,72
1.16667,6048,156,72
0.351064,49632,508,376
0.351064,49632,508,376
0.350877,55860,539,399
0.370466,55198,529,386
0.352185,53293,526,389
0.383598,54810,523,378
0.37037,52920,518,378
0.37467,53818,521,379
0.380463,57572,537,389
0.381443,57424,536,388
0.423773,63468,551,387
0.416021,62307,548,387
0.421875,62208,546,384
0.414698,60198,539,381
0.415789,60040,538,380
0.432,60750,537,375
0.412869,57442,527,373
0.432065,58512,527,368
0.428177,56110,517,362
0.460452,57702,517,354
0.469741,56561,510,347
0.480712,54594,499,337
0.492401,53298,491,329
0.507837,51678,481,319
0.514469,49760,471,311
0.526316,48640,464,304
0.542373,47200,455,295
0.550173,45951,448,289
0.552817,44588,441,284
0.553191,43992,438,282
0.55914,43524,435,279
0.565217,43056,432,276
0.563636,42625,430,275
0.5625,41616,425,272
0.574074,41850,425,270
0.574627,41272,422,268
0.578947,40964,420,266
0.590038,40194,415,261
0.590038,40194,415,261
0.592308,40040,414,260
0.586873,39368,411,259
0.596078,38760,407,255
0.599206,38052,403,252
0.605578,38152,403,251
0.616327,36995,396,245
0.595238,37800,402,252
0.4,24010,343,245
0.395918,23765,342,245
0.39834,23136,337,241
0.394191,22895,336,241
0.391667,22560,334,240
0.3875,22320,333,240
0.384937,21988,331,239
0.376569,21510,329,239
0.377119,21004,325,236
0.381974,20737,322,233
0.381974,20737,322,233
0.381974,20737,322,233
0.37069,19952,318,232
0.37069,19952,318,232
0.378261,20010,317,230
0.373913,19780,316,230
0.375546,19694,315,229
0.383929,19264,310,224
0.38565,19178,309,223
0.38565,19178,309,223
0.2287,11373,274,223
0.245192,10608,259,208
0.255,10200,251,200
0.299435,9381,230,177
0.293785,9204,229,177
0.307263,9845,234,179
0.301136,9328,229,176
0.302857,9275,228,175
0.284946,9858,239,186
0.306358,9169,226,173
0.548961,62345,522,337
0.470588,30600,375,255
0.5,30752,372,248
0.512195,30996,372,246
0.54321,32076,375,243
0.576763,33499,380,241
0.60084,34034,381,238
0.650862,35032,383,232
0.687225,35412,383,227
0.733032,35802,383,221
0.779343,35358,379,213
0.820388,34814,375,206
0.883249,34278,371,197
0.907216,34144,370,194
0.931937,33998,369,191
0.973118,33666,367,186
0.994536,33306,365,183
1.01111,32760,362,180
1.0565,33099,364,177
1.10405,33043,364,173
1.14118,32980,364,170
1.16168,32398,361,167
1.18902,31980,359,164
1.2236,31717,358,161
1.23899,31323,356,159
1.28025,31557,358,157
1.28387,30845,354,155
1.28387,30845,354,155
1.30921,30248,351,152
1.33333,30000,350,150
1.35135,29600,348,148
1.34228,29800,349,149
1.36054,29400,347,147
1.36054,29400,347,147
1.36054,29400,347,147
1.36986,29200,346,146
1.36986,29200,346,146
1.36301,29054,345,146
1.36986,29200,346,146
1.36735,29547,348,147
1.34694,29106,345,147
1.34694,29106,345,147
1.34459,29452,347,148
1.33108,29156,345,148
1.33108,29156,345,148
1.33108,29156,345,148
1.33108,29156,345,148
1.32432,29008,344,148
1.32432,29008,344,148
1.31757,28860,343,148
1.30667,29400,346,150
1.32667,29850,349,150
1.33113,30351,352,151
1.33113,30351,352,151
1.31579,30400,352,152
1.30065,30447,352,153
1.30719,30600,353,153
1.28205,31200,356,156
1.27389,31400,357,157
1.23899,31323,356,159
1.21472,32274,361,163
1.20122,32308,361,164
1.18675,32702,363,166
1.0479,29225,342,167
1.04167,29400,343,168
1.02339,29925,346,171
1.04,31850,357,175
1.0226,32037,358,177
0.988889,32040,358,180
0.944751,30951,352,181
0.955801,31313,354,181
0.939227,30770,351,181
0.927778,30060,347,180
0.917582,30394,349,182
1.31746,20916,292,126
1.16346,12584,225,104
1.18248,22194,299,137
1.09028,22608,301,144
1.00662,22952,303,151
0.974194,23405,306,155
0.906832,23506,307,161
0.844311,23547,308,167
0.777143,23800,311,175
0.708108,24235,316,185
0.661376,23625,314,189
0.630769,23985,318,195
0.60199,24321,322,201
0.528571,23310,321,210
0.504717,22684,319,212
0.502326,23220,323,215
0.469767,21715,316,215
0.443439,21658,319,221
0.377892,57183,536,389
0.390863,60676,548,394
0.412371,62080,548,388
0.428941,64242,553,387
0.440722,66348,559,388
0.45974,68145,562,385
0.47644,69524,564,382
0.493404,70873,566,379
0.519481,77000,585,385
0.526316,76000,580,380
0.596206,81180,589,369
0.649171,85070,597,362
0.632184,76560,568,348
0.667656,75825,562,337
0.706061,76890,563,330
0.727554,75905,558,323
0.416667,37500,425,300
0.459854,34524,400,274
0.481481,35100,400,270
0.5,35378,399,266
0.521073,35496,397,261
0.558594,36608,399,256
0.891304,67896,522,276
0.911111,66420,516,270
0.911111,66420,516,270
0.94636,64467,508,261
0.96875,63488,504,256
0.988095,62748,501,252
0.996063,64262,507,254
1,61009,494,247
1.02049,60756,493,244
1.04167,60000,490,240
1.04184,59511,488,239
0.864407,48144,440,236
0.892241,48024,439,232
0.887446,47355,436,231
0.89083,46716,433,229
0.894737,46512,432,228
0.912281,47424,436,228
0.911894,46989,434,227
0.964912,50160,448,228
0.899123,46740,433,228
0.9163,47216,435,227
0.903509,46968,434,228
0.907895,47196,435,228
0.754386,39216,400,228
0.747826,39560,402,230
0.701299,37422,393,231
0.709251,36547,388,227
0.703057,36869,390,229
0.669565,35420,384,230
0.643154,37355,396,241
0.649789,36498,391,237
0.6375,36720,393,240
0.627049,37332,397,244
0.610442,37848,401,249
0.596078,38760,407,255
0.593023,39474,411,258
0.586207,39933,414,261
0.576779,41118,421,267
0.568266,41734,425,271
0.555556,43245,434,279
0.54007,44485,442,287
0.52901,45415,448,293
0.508306,46053,454,301
0.493464,46206,457,306
0.490446,48356,468,314
0.476923,50375,480,325
0.537313,60300,515,335
1.06881,50794,451,218
1.00873,52899,460,229
0.627841,77792,573,352
0.600559,76970,573,358
0.557377,74664,570,366
0.603659,64944,526,328
0.654902,42585,422,255
0.634538,39342,407,249
0.58871,36208,394,248
0.57377,34160,384,244
0.575,33120,378,240
0.554622,31416,370,238
0.521008,29512,362,238
0.525424,29264,360,236
0.508547,27846,353,234
0.532468,28413,354,231
0.556034,29928,361,232
2.10345,44225,450,145
1.41772,8848,191,79
2.03546,40467,428,141
1.83908,13920,247,87
0.401099,13286,255,182
0.398907,13359,256,183
0.505495,16744,274,182
0.456044,15106,265,182
0.405556,13140,253,180
0.558659,17900,279,179
0.558659,17900,279,179
0.628931,15900,259,159
0.664516,15965,258,155
0.656051,16171,260,157
0.675159,16642,263,157
0.681529,16799,264,157
0.666667,17496,270,162
0.662577,17604,271,163
0.613636,19008,284,176
0.613636,19008,284,176
0.610169,19116,285,177
0.606742,19224,286,178
0.6,19440,288,180
0.590164,19764,291,183
0.428571,27216,360,252
0.428571,27216,360,252
0.430279,27108,359,251
0.430279,27108,359,251
0.428571,27216,360,252
0.432,27000,358,250
0.462541,43594,449,307
0.430279,27108,359,251
1.65143,50575,464,175
0.463504,34798,401,274
0.397059,29376,380,272
0.423529,27540,363,255
0.403636,30525,386,275
0.425197,27432,362,254
0.430279,27108,359,251
0.428571,27216,360,252
0.425197,27432,362,254
0.395604,29484,381,273
0.428571,27216,360,252
0.428571,27216,360,252
0.430279,27108,359,251
0.430279,27108,359,251
0.421875,27648,364,256
0.425197,27432,362,254
0.425197,27432,362,254
0.430279,27108,359,251
0.432,27000,358,250
0.587912,19474,289,182
0.587912,19474,289,182
0.594444,19260,287,180
0.60452,18939,284,177
0.60452,18939,284,177
0.607955,18832,283,176
0.699346,16371,260,153
0.732877,15622,253,146
0.734266,15015,248,143
0.768657,13802,237,134
0.768657,13802,237,134
0.864407,12036,220,118
0.878261,11615,216,115
0.871795,11934,219,117
1.16667,7098,169,78
1.68067,23800,319,119
0.698113,17649,270,159
1.41739,18745,278,115
0.609626,21318,301,187
1,92416,608,304
0.578947,20900,300,190
0.568421,20520,298,190
0.99026,93940,613,308
0.574675,54516,485,308
0.37299,36076,427,311
0.36478,36888,434,318
0.36646,37996,440,322
0.381988,39606,445,322
0.392523,40446,447,321
0.391167,39308,441,317
0.410658,41789,450,319
0.438095,43470,453,315
0.442368,45582,463,321
0.475,48640,472,320
0.504792,49454,471,313
0.503185,49612,472,314
0.55137,47012,453,292
0.58885,48503,456,287
0.640569,50580,461,281
0.658273,50874,461,278
0.658451,53108,471,284
0.669039,52828,469,281
0.707865,50463,456,267
0.727273,50688,456,264
0.739464,50373,454,261
0.762452,51939,460,261
0.793651,50400,452,252
0.803213,49800,449,249
0.831276,49086,445,243
0.852941,48314,441,238
0.867521,47502,437,234
0.875536,47532,437,233
0.902655,46104,430,226
0.923077,45084,425,221
0.935484,44051,420,217
0.930233,43000,415,215
0.938967,42600,413,213
0.947619,41790,409,210
0.928571,40950,405,210
0.938095,41370,407,210
0.91866,40128,401,209
0.932039,39552,398,206
0.927184,39346,397,206
0.926829,38950,395,205
0.921569,38352,392,204
0.921569,38352,392,204
0.911765,37944,390,204
0.916667,38148,391,204
0.911765,37944,390,204
0.916667,38148,391,204
0.926471,38556,393,204
0.921569,38352,392,204
0.921569,38352,392,204
0.926471,38556,393,204
0.936275,38964,395,204
0.932039,39552,398,206
0.864734,37053,386,207
0.832536,36366,383,209
0.790476,34860,376,210
0.796209,35448,379,211
0.787736,35404,379,212
0.785047,35952,382,214
0.763889,35640,381,216
0.771689,37011,388,219
0.761261,37518,391,222
0.729258,38243,396,229
0.764192,40075,404,229
0.74359,40716,408,234
0.755459,39617,402,229
0.726891,41174,411,238
0.702041,42140,417,245
0.700405,42731,420,247
0.669291,43180,424,254
0.649805,42919,424,257
0.618321,42444,424,262
0.597786,43902,433,271
0.576087,43884,435,276
0.54386,44175,440,285
0.527778,43776,440,288
0.511864,44545,446,295
0.993377,22650,301,151
1.01351,22200,298,148
0.993333,22350,299,150
0.89172,21980,297,157
0.408537,43952,462,328
0.848684,19608,281,152
0.463768,35328,404,276
0.832215,18476,273,149
0.764331,18840,277,157
0.343109,39897,458,341
0.748387,17980,271,155
0.737179,17940,271,156
0.686391,19604,285,169
0.73125,18720,277,160
0.732919,18998,279,161
0.719512,19352,282,164
0.692771,19090,281,166
0.674556,19266,283,169
0.666667,18816,280,168
0.430636,51554,495,346
0.423631,51009,494,347
0.415954,51246,497,351
0.409091,50688,496,352
0.393768,49067,492,353
0.392045,48576,490,352
0.392655,49206,493,354
0.39548,49560,494,354
0.380682,47168,486,352
0.375,46464,484,352
0.394886,48928,491,352
0.414986,49968,491,347
0.437318,51450,493,343
0.445748,51832,493,341
0.447059,51680,492,340
0.474474,52614,491,333
0.5,55112,498,332
0.540936,63270,527,342
0.566038,57240,498,318
0.578275,56653,494,313
0.617363,59712,503,311
0.608414,58092,497,309
0.631922,59558,501,307
0.629747,62884,515,316
0.707317,58261,490,287
0.711268,57368,486,284
0.702055,59860,497,292
0.783582,56280,478,268
0.828125,54272,468,256
0.845238,53676,465,252
0.882114,53382,463,246
0.885246,52704,460,244
0.908714,52779,460,241
0.931915,51465,454,235
0.965066,50609,450,229
0.951965,49922,447,229
0.977679,49056,443,224
0.986364,47740,437,220
1,47524,436,218
1.01389,47304,435,216
1.0093,46655,432,215
1.04695,47499,436,213
1.04717,47064,434,212
1.01415,45580,427,212
1.0625,45968,429,208
1.0237,45576,427,211
1.03365,44720,423,208
1.02885,44512,422,208
1.03865,44505,422,207
1.01429,44730,423,210
1.0439,43870,419,205
1.02885,44512,422,208
1.02844,45787,428,211
1.01402,46438,431,214
1.0186,47085,434,215
1.00459,47742,437,218
0.981818,47520,436,220
0.959459,47286,435,222
0.982063,48837,442,223
0.973451,49720,446,226
0.944681,52170,457,235
0.932489,52377,458,237
0.897959,53900,465,245
0.883065,54312,467,248
0.873016,55440,472,252
0.84375,55296,472,256
0.760563,61344,500,284
0.728814,63425,510,295
0.713311,61237,502,293
0.691275,61388,504,298
0.649518,62822,513,311
0.663492,65835,524,315
0.589506,61884,515,324
0.565868,63126,523,334
0.536657,62403,524,341
0.505714,61950,527,350
0.472067,60502,527,358
0.468571,57400,514,350
0.658436,38880,403,243
0.567857,44520,439,280
0.64876,37994,399,242
0.607004,40092,413,257
0.592157,38505,406,255
0.622881,34692,383,236
0.552941,35955,396,255
0.624434,30498,359,221
0.61086,29835,356,221
0.588235,28730,351,221
0.529167,30480,367,240
0.55157,27429,346,223
0.538117,26760,343,223
0.396396,43956,465,333
0.39577,43361,462,331
0.39939,42968,459,328
0.407407,42768,456,324
0.40625,41600,450,320
0.403175,40005,442,315
0.404531,38625,434,309
0.403279,37515,428,305
0.4,36000,420,300
0.40339,35105,414,295
0.4,33640,406,290
0.407018,33060,401,285
0.412186,32085,394,279
0.423913,32292,393,276
0.437037,31860,388,270
0.443182,30888,381,264
0.451737,30303,376,259
0.444015,29785,374,259
0.464,29000,366,250
0.47541,28304,360,244
0.4875,28080,357,240
0.489451,27492,353,237
0.5,26912,348,232
0.526549,26894,345,226
0.544643,27328,346,224
0.577273,27940,347,220
0.595349,27520,343,215
0.620853,27641,342,211
0.642512,27531,340,207
0.658416,26866,335,202
0.673367,26666,333,199
0.693878,26656,332,196
0.701031,26384,330,194
0.708333,26112,328,192
0.727749,26549,330,191
0.742105,26790,331,190
0.748663,26180,327,187
0.768817,26598,329,186
0.768817,26598,329,186
0.778378,26640,329,185
0.783784,26825,330,185
0.74359,28275,340,195
0.77957,26970,331,186
0.755102,29008,344,196
0.791444,27676,335,187
0.798942,28539,340,189
0.8,28880,342,190
0.786458,28992,343,192
0.792746,29529,346,193
0.875,27104,330,176
0.791878,30732,353,197
0.891429,27300,331,175
0.891429,27300,331,175
1.27869,19032,278,122
0.970238,27384,331,168
0.952096,26553,326,167
1.20588,22304,300,136
1.01235,26568,326,162
1.03125,26400,325,160
1.04487,25428,319,156
0.646341,39114,405,246
0.644,40250,411,250
0.964072,26887,328,167
0.945455,25740,321,165
0.99359,24180,311,156
0.923977,27018,329,171
0.919255,23828,309,161
0.86747,23904,310,166
0.809249,24220,313,173
0.679803,28014,341,203
0.705263,25460,324,190
0.732955,22704,305,176
0.389408,40125,446,321
0.616915,24924,325,201
0.374622,41044,455,331
0.366071,41328,459,336
0.367647,42500,465,340
0.367347,43218,469,343
0.373563,45240,478,348
0.381089,46417,482,349
0.383523,47520,487,352
0.384831,48772,493,356
0.364146,46410,487,357
0.363128,46540,488,358
0.626667,31725,366,225
0.60177,30736,362,226
0.567686,29770,359,229
0.585153,30686,363,229
0.590308,30418,361,227
0.6,30375,360,225
0.546667,27675,348,225
0.55157,27429,346,223
0.520362,25415,336,221
0.556561,27183,344,221
0.559091,27060,343,220
0.576037,27125,342,217
0.586854,26625,338,213
0.473684,20691,308,209
0.580952,25620,332,210
0.551948,13090,239,154
0.522581,12555,236,155
0.477124,11169,226,153
0.480263,11096,225,152
0.486667,10950,223,150
0.514286,10080,212,140
0.514286,10080,212,140
0.588235,10880,216,136
0.503704,9180,203,135
1.11268,5609,150,71
0.587302,9324,200,126
0.564516,8680,194,124
0.632,9875,204,125
0.675,9720,201,120
0.544218,11760,227,147
0.705357,8848,191,112
0.555556,11520,224,144
0.569231,9620,204,130
0.921569,9588,196,102
0.94898,9114,191,98
0.969388,9310,193,98
0.946237,8184,181,93
0.989011,8190,181,91
1.08046,8178,181,87
1.03191,9118,191,94
0.978947,8835,188,95
1.53623,7314,175,69
0.945205,5037,142,73
1.58333,8208,186,72
1.09091,6468,161,77
1.18056,6120,157,72
1.34483,10179,204,87
1.23404,10904,210,94
1.20879,10010,201,91
1.30682,10120,203,88
1.21978,10101,202,91
1.34483,10179,204,87
1.14085,5751,152,71
1.54667,8700,191,75
1.56757,8584,190,74
1.45946,7992,182,74
1.13235,5236,145,68
1.61644,8614,191,73
1.16667,5082,143,66
1.54167,7992,183,72
1.45902,5429,150,61
1.22222,4851,140,63
1.56757,8584,190,74
1.56944,8136,185,72
1.51351,8288,186,74
1.46667,8250,185,75
1.45333,8175,184,75
1.58333,8208,186,72
1.45333,8175,184,75
1.48649,8140,184,74
1.61111,8352,188,72
1.55405,8510,189,74
1.48649,8140,184,74
0.798942,28539,340,189
0.808511,28576,340,188
0.776596,27448,334,188
0.754098,25254,321,183
0.802198,26572,328,182
0.811111,26280,326,180
0.821229,26313,326,179
0.820225,25988,324,178
0.821839,24882,317,174
0.848837,25112,318,172
0.83908,25404,320,174
0.854651,25284,319,172
0.869822,24843,316,169
0.890909,24255,312,165
0.91411,24287,312,163
0.908537,24436,313,164
0.925926,24300,312,162
0.993711,25122,317,159
1.01923,24804,315,156
0.967949,23556,307,156
0.967105,22344,299,152
0.94702,21593,294,151
0.959459,21016,290,148
0.986111,20448,286,144
1,19600,280,140
1,7744,176,88
1.04444,8460,184,90
1.06849,5694,151,73
1.23944,6248,159,71
1.58621,5336,150,58
0.863905,24674,315,169
0.849398,23406,307,166
0.888889,23328,306,162
0.869565,22540,301,161
0.863354,22379,300,161
0.863354,22379,300,161
0.79878,21484,295,164
0.80625,20640,289,160
0.923077,12636,225,117
0.930435,12305,222,115
0.929204,11865,218,113
0.902655,11526,215,113
0.81295,15707,252,139
0.66129,10168,206,124
0.80198,8181,182,101
0.80198,8181,182,101
0.856,13375,232,125
0.923913,7820,177,92
1,7396,172,86
1.01176,7310,171,85
1.0375,6640,163,80
1.10526,6384,160,76
1.17568,6438,161,74
1.25,6480,162,72
1.16901,5893,154,71
1.1831,5964,155,71
0.722513,26358,329,191
0.687831,24570,319,189
0.661458,24384,319,192
0.623711,23474,315,194
0.6,22815,312,195
0.603093,22698,311,194
0.609375,22464,309,192
0.608466,21735,304,189
0.61828,21390,301,186
0.63388,21228,299,183
0.626374,20748,296,182
0.642458,20585,294,179
0.649718,20355,292,177
0.464,7250,183,125
0.456,7125,182,125
0.44,6875,180,125
0.441667,6360,173,120
0.386555,5474,165,119
0.472222,5508,159,108
0.457143,5040,153,105
0.52,5200,152,100
0.546392,5141,150,97
0.493182,95480,657,440
0.528436,94106,645,422
0.536471,96900,653,425
0.542254,98406,657,426
0.544601,98832,658,426
0.561151,97578,651,417
0.559524,98700,655,420
0.557143,98280,654,420
0.540416,101322,667,433
0.554502,98748,656,422
0.550827,98559,656,423
0.543529,98175,656,425
0.540984,98637,658,427
0.561743,95816,645,413
0.564165,96229,646,413
0.579327,100256,657,416
0.595642,101598,659,413
0.6,105840,672,420
0.612048,105410,669,415
0.623188,106812,672,414
0.630332,112252,688,422
0.638955,113249,690,421
0.638095,112560,688,420
0.627358,112784,690,424
0.640964,110390,681,415
0.628571,110880,684,420
0.635922,107944,674,412
0.660436,68052,533,321
0.643087,62200,511,311
0.654485,59297,498,301
0.634551,57491,492,301
0.639175,54126,477,291
0.595156,49708,461,289
0.655678,48867,452,273
0.660305,45326,435,262
0.700405,42731,420,247
0.720833,41520,413,240
0.758621,40832,408,232
0.786667,39825,402,225
0.815315,40182,403,222
0.85782,38191,392,211
0.878641,37286,387,206
0.909548,36019,380,199
1.07143,41160,406,196
1.10938,40896,405,192
0.859375,31680,357,192
0.839378,31266,355,193
0.876923,33345,366,195
0.821429,31556,357,196
0.863636,33858,369,198
0.823529,34272,372,204
0.79803,32886,365,203
0.728155,30900,356,206
0.725118,32283,364,211
0.691943,30806,357,211
0.654378,30814,359,217
0.644144,31746,365,222
0.638393,32032,367,224
0.622222,31500,365,225
0.625,31360,364,224
0.436548,67768,566,394
0.449239,69738,571,394
0.451777,70132,572,394
0.463291,72285,578,395
0.455,72800,582,400
0.457921,74740,589,404
0.457213,76483,596,409
0.489848,76042,587,394
0.494924,76830,589,394
0.505076,78406,593,394
0.535533,83134,605,394
0.522843,81164,600,394
0.538071,83528,606,394
0.531017,86242,617,403
0.558376,86680,614,394
0.573604,89044,620,394
0.6,91260,624,390
0.627604,92544,625,384
0.64752,94984,631,383
0.632911,98750,645,395
0.833876,78592,563,307
0.87291,78039,560,299
0.888514,77848,559,296
0.924138,77720,558,290
0.62807,51015,464,285
0.637993,49662,457,279
0.671378,53770,473,283
1.00366,74802,547,273
0.722846,51531,460,267
0.727612,52260,463,268
0.749035,50246,453,259
0.86383,47705,438,235
0.794872,43524,420,234
0.810345,43616,420,232
0.829694,43510,419,229
0.863636,41800,410,220
0.897196,41088,406,214
0.897059,37332,387,204
0.923858,35854,379,197
0.962766,34028,369,188
0.994536,33306,365,183
1.03933,32930,363,178
1.06897,32364,360,174
1.17857,33264,366,168
1.08284,30927,352,169
1.09581,30561,350,167
1.11111,29160,342,162
1.13291,28282,337,158
1.12025,27966,335,158
1.12658,28124,336,158
1.02381,28896,340,168
1.01053,36480,382,190
0.927083,34176,370,192
0.909091,31790,357,187
0.903226,31248,354,186
0.894737,32300,360,190
0.875,32256,360,192
0.890052,32470,361,191
0.810526,29260,344,190
0.842932,30751,352,191
0.453532,32818,391,269
0.466165,32984,390,266
0.479087,33138,389,263
0.48659,33147,388,261
0.501931,33670,389,259
0.515625,33792,388,256
0.536,33500,384,250
0.53629,32984,381,248
0.546939,32830,379,245
0.5625,32400,375,240
0.57563,32606,375,238
0.588745,31416,367,231
0.60177,30736,362,226
0.61086,29835,356,221
0.635514,29104,350,214
0.660194,28016,342,206
0.685279,26595,332,197
0.712042,25976,327,191
0.743169,24888,319,183
0.761364,23584,310,176
0.792899,22646,303,169
0.801205,22078,299,166
0.853503,21038,291,157
0.895425,20961,290,153
0.913333,20550,287,150
0.938356,20002,283,146
0.956522,18216,270,138
0.970588,17952,268,136
0.992424,17292,263,132
1.01575,16383,256,127
1,15625,250,125
0.968254,15372,248,126
0.98374,14883,244,123
0.991736,14520,241,121
1,14400,240,120
0.991667,14280,239,120
1,14400,240,120
0.975207,14278,239,121
0.934426,13908,236,122
0.934426,13908,236,122
0.902439,13653,234,123
0.853659,12915,228,123
1.1,8910,189,90
1.01136,7832,177,88
0.872093,6450,161,86
0.526316,22990,319,209
0.528571,23310,321,210
0.5311,23199,320,209
0.528846,22880,318,208
0.551724,22736,315,203
0.55122,23165,318,205
0.567164,22914,315,201
0.585,23400,317,200
0.613402,23086,313,194
0.554348,18768,286,184
0.502732,16836,275,183
0.673797,23562,313,187
0.539326,17088,274,178
0.493506,11704,230,154
0.517483,10582,217,143
0.5,10952,222,148
0.536765,9928,209,136
0.595238,9450,201,126
0.7,8470,187,110
0.76699,8137,182,103
0.747664,8560,187,107
0.752381,8295,184,105
0.806122,7742,177,98
0.766355,8774,189,107
0.788462,8528,186,104
0.45614,5928,166,114
0.821782,8383,184,101
0.613208,6890,171,106
1.02353,7395,172,85
1.0875,6960,167,80
0.468468,5772,163,111
1.025,6560,162,80
0.459459,5661,162,111
0.45045,5550,161,111
0.396226,4452,148,106
0.472727,5720,162,110
0.419048,4620,149,105
0.460177,5876,165,113
0.433962,4876,152,106
0.580952,6405,166,105
0.514286,5670,159,105
0.40566,4558,149,106
1.28788,5610,151,66
0.490909,5940,164,110
1.53226,5890,157,62
1.50794,5985,158,63
1.6129,6200,162,62
1.31579,7600,176,76
1.23457,8100,181,81
1.19277,8217,182,83
1.15294,8330,183,85
1.12644,8526,185,87
1.12791,8342,183,86
1.12791,8342,183,86
1.10465,8170,181,86
1.11765,8075,180,85
1.10465,8170,181,86
1.13095,7980,179,84
1.11765,8075,180,85
1.0814,7998,179,86
1.12048,7719,176,83
1.10714,7812,177,84
1.12048,7719,176,83
1.12048,7719,176,83
1.13415,7626,175,82
1.1358,7452,173,81
1.16456,7268,171,79
1.1358,7452,173,81
1.1375,7280,171,80
1.125,7200,170,80
1.15385,7020,168,78
1.11111,7290,171,81
1.13924,7110,169,79
0.935065,5544,149,77
0.974026,5775,152,77
0.87013,5159,144,77
0.46371,28520,363,248
0.457831,28386,363,249
0.471545,28536,362,246
0.477733,29146,365,247
0.5,30258,369,246
0.522449,31360,373,245
0.534694,32095,376,245
0.540984,32208,376,244
0.54918,32696,378,244
0.568465,33017,378,241
0.575,33120,378,240
0.588983,32804,375,236
0.588983,32804,375,236
0.609442,33086,375,233
0.614719,32802,373,231
0.629956,32461,370,227
0.63964,31524,364,222
0.646789,30738,359,218
0.674528,30316,355,212
0.697561,29315,348,205
0.734694,28224,340,196
0.756614,27027,332,189
0.772222,25020,319,180
0.819767,24252,313,172
0.902439,24272,312,164
0.924051,23068,304,158
0.893333,20100,284,150
0.923611,19152,277,144
0.963235,17816,267,136
0.977099,16768,259,131
0.96063,15494,249,127
0.96748,14637,242,123
0.97479,13804,235,119
0.991453,13572,233,117
0.982301,12543,224,113
0.920354,11752,217,113
0.9,10890,209,110
1.13095,7980,179,84
1.12346,7371,172,81
1.20548,6424,161,73
0.409091,28512,372,264
0.411321,28885,374,265
0.431298,29606,375,262
0.441065,30508,379,263
0.45,30420,377,260
0.46124,30702,377,258
0.46875,30720,376,256
0.49004,30873,374,251
0.504032,31000,373,248
0.51626,31242,373,246
0.524793,30734,369,242
0.543933,31070,369,239
0.581197,31824,370,234
0.588745,31416,367,231
0.622222,31500,365,225
0.642534,31382,363,221
0.672811,31682,363,217
0.690141,31311,360,213
0.716346,30992,357,208
0.721154,31200,358,208
0.748768,30856,355,203
0.755,30200,351,200
0.770408,29596,347,196
0.787565,29336,345,193
0.795812,29032,343,191
0.819149,28952,342,188
0.822581,28458,339,186
0.840659,27846,335,182
0.839779,27512,333,181
0.848315,26878,329,178
0.853107,26727,328,177
0.862069,26100,324,174
0.883041,25821,322,171
0.887574,25350,319,169
0.903614,24900,316,166
0.920245,24450,313,163
0.925466,23989,310,161
0.949045,23393,306,157
0.948718,23088,304,156
0.986755,22499,300,151
1,22201,298,149
1.02041,22050,297,147
1.05556,21888,296,144
1.06294,21736,295,143
1.09286,21420,293,140
1.09353,21128,291,139
1.11679,20961,290,137
1.11679,20961,290,137
1.14074,20790,289,135
1.17424,20460,287,132
1.16667,20328,286,132
1.19084,20436,287,131
1.16667,20328,286,132
1.18939,20724,289,132
1.19084,20436,287,131
1.20769,20410,287,130
1.23256,20511,288,129
1.25581,20898,291,129
1.28125,20992,292,128
1.33071,21463,296,127
1.29365,20538,289,126
1.312,20500,289,125
1.30952,20790,291,126
1.3125,21504,296,128
1.32283,21336,295,127
1.33071,21463,296,127
1.33858,21590,297,127
1.33594,21888,299,128
1.024,16000,253,125
1.376,21500,297,125
1.4065,21279,296,123
1.43802,21054,295,121
1.72727,25289,330,121
1.08772,14136,238,114
1.08772,14136,238,114
1.11504,14238,239,113
1.09821,13776,235,112
1.10714,13888,236,112
2.63265,6321,178,49
0.701923,7592,177,104
0.60396,6161,162,101
0.609562,38403,404,251
0.612648,39215,408,253
0.626506,38844,405,249
0.62249,38595,404,249
0.625,38440,403,248
0.626016,37884,400,246
0.618852,36844,395,244
0.620833,35760,389,240
0.614407,34220,381,236
0.607759,32712,373,232
0.610619,31188,364,226
0.607306,29127,352,219
0.616114,27430,341,211
0.627451,26112,332,204
0.646154,24570,321,195
0.670213,23688,314,188
0.692737,22196,303,179
0.725146,21204,295,171
0.768293,20664,290,164
0.808917,19939,284,157
0.847682,19328,279,151
0.895833,18576,273,144
0.928058,17931,268,139
0.97037,17685,266,135
1.00758,17556,265,132
1.0625,17408,264,128
1.112,17375,264,125
1.13821,17220,263,123
1.15702,16940,261,121
1.17647,16660,259,119
1.17797,16402,257,118
1.15833,16680,259,120
1.175,16920,261,120
1.2,17280,264,120
1.16129,17856,268,124
1.176,18375,272,125
1.16406,19072,277,128
1.14504,19650,281,131
1.14394,19932,283,132
1.19847,20567,288,131
1.20769,20410,287,130
1.25781,20608,289,128
1.28125,20992,292,128
1.30469,21376,295,128
1.33071,21463,296,127
1.3871,21328,296,124
1.40323,21576,298,124
1.43902,21771,300,123
1.49593,22632,307,123
1.57377,23424,314,122
1.65833,23880,319,120
1.78632,24453,326,117
3.20408,7693,206,49
3.69231,9984,244,52
2.14545,6490,173,55
2.05172,6902,177,58
1.91525,6667,172,59
1.76364,5335,152,55
0.502041,30135,368,245
0.491736,28798,361,242
0.483051,26904,350,236
0.491304,25990,343,230
0.506726,25199,336,223
0.534884,24725,330,215
0.543689,23072,318,206
0.591837,22736,312,196
0.641711,22440,307,187
0.691011,21894,301,178
0.758824,21930,299,170
0.779141,20701,290,163
0.814103,19812,283,156
0.851351,18648,274,148
0.887324,17892,268,142
0.914894,18189,270,141
0.977778,17820,267,135
1.04545,18216,270,132
1.05344,18078,269,131
1.09302,18189,270,129
1.12698,17892,268,126
1.16129,17856,268,124
1.19355,18352,272,124
1.2,18750,275,125
1.20472,19431,280,127
1.20155,19995,284,129
1.20611,20698,289,131
1.24806,20769,290,129
1.25954,21615,296,131
1.32283,21336,295,127
1.36508,21672,298,126
1.43089,21648,299,123
1.49587,21901,302,121
1.5,22326,305,122
0.675676,8325,186,111
0.690909,8360,186,110
0.816514,9701,198,109
2.54902,6630,181,51
2.42593,7074,185,54
2.38596,7752,193,57
2.41379,8120,198,58
2.85,10260,231,60
2.80645,10788,236,62
1.92063,7623,184,63
1.8125,7424,180,64
1.73016,6867,172,63
1.64063,6720,169,64
1.76271,6136,163,59
1.90741,5562,157,54
1.69231,4576,140,52
2.11888,43329,446,143
4.2349,94019,780,149
0.256198,3751,152,121
0.283333,4080,154,120
0.222222,5832,198,162
0.340909,10560,236,176
0.342857,10500,235,175
0.222222,5832,198,162
0.344828,10440,234,174
0.363636,9900,225,165
0.504425,6441,170,113
0.444444,22500,325,225
0.444444,22500,325,225
0.435685,25305,346,241
0.423387,26040,353,248
0.469636,28652,363,247
0.467742,28768,364,248
0.930412,140068,749,388
0.408935,34629,410,291
0.253731,18224,336,268
0.429553,36375,416,291
0.447458,38940,427,295
0.296167,24395,372,287
0.463668,38726,423,289
0.299652,24682,373,287
0.466899,38458,421,287
0.466899,38458,421,287
0.45993,37884,419,287
0.463415,38171,420,287
0.463415,38171,420,287
0.463415,38171,420,287
0.463415,38171,420,287
0.466899,38458,421,287
0.466899,38458,421,287
0.455479,38836,425,292
0.337979,27839,384,287
1.10145,131100,725,345
0.45993,37884,419,287
0.337979,27839,384,287
0.456446,37597,418,287
0.375,34656,418,304
0.456446,37597,418,287
0.344948,28413,386,287
0.344948,28413,386,287
0.344948,28413,386,287
0.344948,28413,386,287
0.344948,28413,386,287
0.335593,29205,394,295
0.344948,28413,386,287
0.41958,34320,406,286
0.336735,29106,393,294
0.346154,28314,385,286
0.346154,28314,385,286
0.346154,28314,385,286
0.347518,27636,380,282
0.351254,27342,377,279
0.351254,27342,377,279
0.365591,28458,381,279
0.433692,33759,400,279
0.362007,28179,380,279
0.355634,28684,385,284
0.433213,33240,397,277
0.418773,32132,393,277
0.407942,31301,390,277
0.415162,31855,392,277
0.407942,31301,390,277
0.407942,31301,390,277
0.424242,29568,376,264
0.382239,25641,358,259
0.399194,24552,347,248
0.399194,24552,347,248
0.406639,23618,339,241
0.40678,22656,332,236
0.412017,22368,329,233
0.400862,21576,325,232
0.405172,21808,326,232
0.522088,32370,379,249
0.382609,20240,318,230
0.685039,11049,214,127
0.653543,10541,210,127
0.653543,10541,210,127
0.653543,10541,210,127
2.09655,44080,449,145
0.826667,4650,137,75
0.8,4500,135,75
0.857143,4200,130,70
0.84058,4002,127,69
1.2623,4697,138,61
0.835821,3752,123,67
0.776119,3484,119,67
1.34328,6030,157,67
0.754098,2806,107,61
0.867925,2438,99,53
1.97203,40326,425,143
0.398773,10595,228,163
0.211765,6120,206,170
0.198895,6516,217,181
0.214815,3915,164,135
0.19697,3432,158,132
0.371859,14726,273,199
0.198473,3406,157,131
1.09709,11639,216,103
1.07619,11865,218,105
0.615385,23400,315,195
0.606061,23760,318,198
0.6,24000,320,200
0.538117,26760,343,223
0.510638,28200,355,235
0.491803,29280,364,244
0.458015,31440,382,262
0.448669,31034,381,263
0.76257,97734,631,358
0.307116,21894,349,267
2.29167,33000,395,120
0.310861,22161,350,267
0.308271,21812,348,266
0.293907,22878,361,279
0.288732,23288,366,284
0.4,34810,413,295
0.275168,24436,380,298
0.261146,25748,396,314
0.261146,25748,396,314
0.363057,35796,428,314
0.261146,25748,396,314
0.308917,30458,411,314
0.353503,34854,425,314
0.437107,44202,457,318
0.335443,33496,422,316
0.328025,32342,417,314
0.33758,33284,420,314
0.325879,31926,415,313
0.308917,30458,411,314
0.302548,29830,409,314
0.302548,29830,409,314
0.347134,34226,423,314
0.341693,34771,428,319
0.345048,33804,421,313
0.351438,34430,423,313
0.345048,33804,421,313
0.671348,85084,595,356
0.347267,33588,419,311
1.51319,263127,1048,417
0.441441,48951,480,333
0.347267,33588,419,311
0.346154,33696,420,312
0.353698,34210,421,311
0.350482,33899,420,311
0.350482,33899,420,311
0.350482,33899,420,311
0.355049,33463,416,307
0.348243,34117,422,313
0.351792,33156,415,307
0.351792,33156,415,307
0.358804,32508,409,301
0.358804,32508,409,301
0.352941,33048,414,306
0.395604,29484,381,273
0.395604,29484,381,273
0.395604,29484,381,273
0.39777,28783,376,269
0.394052,28514,375,269
0.446097,32280,389,269
0.395522,28408,374,268
0.39924,27615,368,263
0.391635,27089,366,263
0.389961,26159,360,259
0.371648,25317,358,261
0.374517,25123,356,259
0.367424,25608,361,264
0.365759,24158,351,257
0.357977,23644,349,257
0.350195,23130,347,257
0.529412,15300,260,170
0.505882,14620,256,170
0.347656,22784,345,256
0.75,9408,196,112
0.75,9408,196,112
0.75,9408,196,112
0.720721,8880,191,111
0.731481,8532,187,108
0.762376,7777,178,101
0.742574,7575,176,101
0.674157,5340,149,89
0.597826,5060,147,92
0.231481,10800,266,216
0.520979,42614,435,286
0.427386,24823,344,241
0.215517,11600,282,232
0.95679,100440,634,324
0.225664,11526,277,226
0.230435,12190,283,230
0.233766,12474,285,231
0.24,12150,279,225
0.621302,17745,274,169
0.613095,17304,271,168
0.706667,15900,256,150
0.748201,14456,243,139
0.773438,12672,227,128
0.841667,12120,221,120
0.324841,8007,208,157
0.34965,7150,193,143
0.352113,7100,192,142
0.352113,7100,192,142
0.352113,7100,192,142
0.559524,3948,131,84
0.518519,3402,123,81
0.502513,19900,299,199
0.487437,19303,296,199
0.48731,18912,293,197
0.351145,24104,354,262
0.353612,24459,356,263
0.390152,27192,367,264
0.347328,23842,353,262
0.354962,24366,355,262
0.360465,23994,351,258
0.335878,23056,350,262
0.345238,21924,339,252
0.560311,37008,401,257
0.363281,23808,349,256
0.34715,12931,260,193
0.346591,10736,237,176
0.35533,13790,267,197
0.491713,16109,270,181
0.361582,11328,241,177
0.515419,26559,344,227
0.515419,26559,344,227
0.515419,26559,344,227
0.515419,26559,344,227
0.515419,26559,344,227
0.515419,26559,344,227
0.511013,26332,343,227
0.50885,25990,341,226
0.511111,25875,340,225
0.50885,25990,341,226
0.50885,25990,341,226
0.50885,25990,341,226
0.511111,25875,340,225
0.511111,25875,340,225
0.511111,25875,340,225
0.486607,24416,333,224
0.484444,24525,334,225
0.475556,24075,332,225
0.475556,24075,332,225
0.444444,22500,325,225
0.444444,22500,325,225
0.446429,22400,324,224
0.435556,22050,323,225
0.417778,21150,319,225
0.417778,21150,319,225
0.417778,21150,319,225
0.46875,23520,329,224
0.419643,21056,318,224
0.419643,21056,318,224
0.419643,21056,318,224
0.419643,21056,318,224
0.450893,22624,325,224
0.457014,22321,322,221
0.457014,22321,322,221
0.445455,21560,318,220
0.440909,21340,317,220
0.439252,20116,308,214
0.427273,20680,314,220
0.427273,20680,314,220
0.423423,20868,316,222
0.427273,20680,314,220
0.420091,20148,311,219
0.420091,20148,311,219
0.310502,14892,287,219
0.341584,13938,271,202
0.38756,16929,290,209
0.373832,17120,294,214
0.642857,10206,207,126
2.23704,40770,437,135
0.484127,7686,187,126
0.47619,7560,186,126
0.717647,5185,146,85
0.717647,5185,146,85
0.72619,5124,145,84
0.72619,5124,145,84
0.733333,4125,130,75
0.72,4050,129,75
0.95,3420,117,60
0.412776,68376,575,407
0.416667,69360,578,408
0.409877,67230,571,405
0.414392,67301,570,403
0.4175,66800,567,400
0.428571,68229,570,399
0.436869,68508,569,396
0.442455,67643,564,391
0.445876,67124,561,388
0.454545,67375,560,385
0.455497,66468,556,382
0.459103,65946,553,379
0.462766,65424,550,376
0.467914,65450,549,374
0.471698,64925,546,371
0.474255,64575,544,369
0.478142,64050,541,366
0.491713,64436,540,362
0.498607,64261,538,359
0.504225,63545,534,355
0.514205,63712,533,352
0.526012,62972,528,346
0.539589,62744,525,341
0.549254,61640,519,335
0.557229,61420,517,332
0.758197,45140,429,244
0.766667,44160,424,240
0.788793,42456,415,232
0.806167,41541,410,227
0.799107,40096,403,224
0.808219,38763,396,219
0.804651,37195,388,215
0.814286,35910,381,210
0.805825,34196,372,206
0.826531,31752,358,196
0.831579,30020,348,190
0.853261,28888,341,184
0.843575,27029,330,179
0.867052,25950,323,173
0.464368,87870,637,435
0.465909,90200,645,440
0.462585,89964,645,441
0.45805,89082,643,441
0.464531,88711,640,437
0.461894,86600,633,433
0.453488,83850,625,430
0.457746,83070,621,426
0.467933,82937,618,421
0.477108,82170,613,415
0.492683,82820,612,410
0.504926,83230,611,406
0.518797,82593,606,399
0.526582,82160,603,395
0.535714,82320,602,392
0.539846,81690,599,389
0.551813,82218,599,386
0.56658,83111,600,383
0.577428,83820,601,381
0.596306,85654,605,379
0.605333,85125,602,375
0.620968,85932,603,372
0.633423,87185,606,371
0.647541,86742,603,366
0.660221,86518,601,362
0.664804,85204,596,358
0.679887,84720,593,353
0.691429,84700,592,350
0.686782,83172,587,348
0.697674,82560,584,344
0.702065,80682,577,339
0.708333,79968,574,336
0.707831,78020,567,332
0.708207,76657,562,329
0.709877,74520,554,324
0.71118,73738,551,322
0.708464,72094,545,319
0.709779,71325,542,317
0.704762,69930,537,315
0.717532,68068,529,308
0.720395,66576,523,304
0.724252,65618,519,301
1.03318,45998,429,211
1.02415,43884,419,207
1.03431,43044,415,204
1.05025,41591,408,199
1.03046,39991,400,197
1.02577,38606,393,194
1.04255,36848,384,188
1.03226,35712,378,186
1.02186,34221,370,183
0.713415,19188,281,164
0.707483,15288,251,147
0.705128,17160,266,156
0.745665,22317,302,173
0.699422,20933,294,173
0.8125,25168,319,176
0.727778,23580,311,180
0.809783,27416,333,184
0.764706,26741,330,187
0.445283,31270,383,265
0.465649,31964,384,262
0.48659,33147,388,261
0.498069,33411,388,259
0.529644,33902,387,253
0.548,34250,387,250
0.552419,33976,385,248
0.555556,32805,378,243
0.573222,32743,376,239
0.573222,32743,376,239
0.586498,32943,376,237
0.593074,31647,368,231
0.596491,31008,364,228
0.584071,29832,358,226
0.607306,29127,352,219
0.62212,29295,352,217
0.636792,28620,347,212
0.644231,27872,342,208
0.666667,27744,340,204
0.681818,26730,333,198
0.683673,26264,330,196
0.692708,25536,325,192
0.691489,24440,318,188
0.73224,24522,317,183
0.707182,23168,309,181
0.705556,22860,307,180
0.719101,22784,306,178
0.707865,22428,304,178
0.735294,21250,295,170
0.739645,21125,294,169
0.742515,20708,291,167
0.668639,19097,282,169
0.773333,17400,266,150
0.821429,16100,255,140
0.720779,17094,265,154
0.820896,14740,244,134
0.708609,16157,258,151
0.79845,13287,232,129
0.806452,12400,224,124
0.808,12625,226,125
0.967391,8188,181,92
0.911111,7380,172,90
0.65,6500,165,100
0.585106,5170,149,94
0.56044,4641,142,91
0.458955,32964,391,268
0.466165,32984,390,266
0.465909,32472,387,264
0.490347,32893,386,259
0.488372,32508,384,258
0.5,31752,378,252
0.510121,31122,373,247
0.520661,30492,368,242
0.531381,30353,366,239
0.552174,29210,357,230
0.575893,28896,353,224
0.573991,28544,351,223
0.600939,27264,341,213
0.596244,27051,340,213
0.638614,26058,331,202
0.648241,25671,328,199
0.673367,26666,333,199
0.736559,25482,323,186
0.741758,24570,317,182
0.745856,24435,316,181
0.741573,23496,310,178
0.740113,23187,308,177
0.738636,22880,306,176
0.75,23232,308,176
0.678571,19152,282,168
0.696429,19656,285,168
0.706587,19706,285,167
0.716867,19754,285,166
0.719512,19352,282,164
0.72561,19516,283,164
0.757962,18683,276,157
0.862319,16422,257,138
0.784314,18360,273,153
0.798658,17731,268,149
0.812081,18029,270,149
0.870968,13392,232,124
1.08,10800,208,100
1.10101,10791,208,99
0.978723,8648,186,94
0.89,8900,189,100
0.901099,7462,173,91
0.846154,7007,168,91
0.666667,5400,150,90
0.581395,4300,136,86
0.451372,72581,582,401
0.458853,73784,585,401
0.478803,76992,593,401
0.491272,78997,598,401
0.503741,81002,603,401
0.516209,83007,608,401
0.526185,84611,612,401
0.550761,85498,611,394
0.571429,87808,616,392
0.582474,87688,614,388
0.601563,88704,615,384
0.608355,89239,616,383
0.764516,73470,547,310
0.782895,72352,542,304
0.81,72900,543,300
0.820339,71390,537,295
0.664207,48780,451,271
0.694656,47684,444,262
0.770492,45872,432,244
0.813559,45312,428,236
0.795082,47336,438,244
0.853881,40953,406,219
0.856481,39960,401,216
0.881517,39246,397,211
0.917874,39330,397,207
0.901869,41302,407,214
0.866667,43875,420,225
0.98995,39203,396,199
0.887324,40257,402,213
1.04372,34953,374,183
1.07303,33998,369,178
0.984694,37828,389,196
0.768924,48443,444,251
0.795918,47775,440,245
1.16049,30456,350,162
1.2125,31040,354,160
1.24503,28388,339,151
1.26027,26864,330,146
1.27972,26169,326,143
1.31884,25116,320,138
0.980519,23254,305,154
0.863388,28914,341,183
0.884615,29302,343,182
1.03867,34028,369,181
0.995169,42642,413,207
1.00483,43056,415,207
1.02415,43884,419,207
1.10714,42532,413,196
1.10256,41925,410,195
1.10256,41925,410,195
1.09137,42355,412,197
0.80226,25134,319,177
0.765363,24523,316,179
0.728814,22833,306,177
0.728814,22833,306,177
0.687151,22017,302,179
0.631016,22066,305,187
0.564516,19530,291,186
0.538043,18216,283,184
0.421875,43200,455,320
0.411411,45621,470,333
0.43949,43332,452,314
0.450479,44133,454,313
0.463259,45385,458,313
0.451613,43400,450,310
0.466667,42000,440,300
0.488055,41899,436,293
0.544828,45820,448,290
0.579861,48096,455,288
0.614841,49242,457,283
0.596491,48450,455,285
0.611511,47260,448,278
0.625455,47300,447,275
0.637363,47502,447,273
0.672932,47614,445,266
0.679245,47700,445,265
0.696154,47060,441,260
0.720472,46482,437,254
0.73494,45567,432,249
0.756098,45756,432,246
0.793991,43105,418,233
0.807018,41952,412,228
0.861111,40176,402,216
0.851163,39345,398,215
0.888889,38088,391,207
0.920398,37185,386,201
0.94359,35880,379,195
0.95288,34762,373,191
0.957219,33473,366,187
0.983425,32218,359,181
0.99435,31152,353,177
1.01156,30275,348,173
1.02353,29580,344,170
1.04819,28884,340,166
1.06135,28199,336,163
1.0679,28026,335,162
1.07547,27189,330,159
1.09554,27004,329,157
1.08333,26364,325,156
1.07051,26052,323,156
1.09032,26195,324,155
1.08974,26520,326,156
1.08333,26364,325,156
1.04375,26720,327,160
1.09677,26350,325,155
1.0828,26690,327,157
1.04938,27540,332,162
1.08974,26520,326,156
1.09615,26676,327,156
1.07742,25885,322,155
1.08387,26040,323,155
1.09032,26195,324,155
1.09091,25872,322,154
1.09091,25872,322,154
1.09677,26350,325,155
1.09032,26195,324,155
1.07742,25885,322,155
1.09677,26350,325,155
0.278846,48256,532,416
0.332536,58102,557,418
0.323383,52260,532,402
0.324582,56984,555,419
0.303614,52290,541,415
0.293399,49080,529,409
0.318408,51456,530,402
0.306533,48556,520,398
0.321078,53448,539,408
0.326633,51740,528,398
0.386842,55860,527,380
0.347826,53176,527,391
0.395604,52416,508,364
0.397759,50694,499,357
0.413223,54450,513,363
0.43804,52744,499,347
0.514881,58128,509,336
0.538462,56875,500,325
0.55836,56109,494,317
0.596667,53700,479,300
0.611684,51798,469,291
0.629893,49737,458,281
0.653285,49046,453,274
0.674157,48060,447,267
0.688462,46540,439,260
0.715415,45793,434,253
0.722892,44820,429,249
0.736626,43497,422,243
0.756303,42840,418,238
0.774892,41349,410,231
0.789474,41040,408,228
0.807175,40140,403,223
0.807175,40140,403,223
0.665138,31610,363,218
0.663594,31248,361,217
0.669767,30960,359,215
0.688679,30952,358,212
0.690476,30450,355,210
0.695238,30660,356,210
0.704762,31080,358,210
0.719048,31710,361,210
0.719048,31710,361,210
0.71564,31861,362,211
0.70892,32163,364,213
0.679245,30528,356,212
0.707547,31800,362,212
0.685446,31098,359,213
0.67757,31030,359,214
0.668224,30602,357,214
0.648148,30240,356,216
0.621622,30636,360,222
0.524664,26091,340,223
0.517699,26442,343,226
0.536797,28644,355,231
0.50211,28203,356,237
0.491667,28320,358,240
0.513043,27140,348,230
0.504274,27612,352,234
0.4875,28080,357,240
0.477551,28665,362,245
0.456349,28980,367,252
0.467433,31842,383,261
0.481203,34048,394,266
0.481618,35632,403,272
0.453901,36096,410,282
0.442907,36992,417,289
0.429054,37592,423,296
0.441176,41310,441,306
0.459119,46428,464,318
0.446483,47742,473,327
0.610895,40349,414,257
0.578544,39411,412,261
0.713615,32376,365,213
0.787879,30888,354,198
0.768116,32913,366,207
0.716279,33110,369,215
0.703349,30723,356,209
0.669856,29260,349,209
0.615741,28728,349,216
0.632558,29240,351,215
0.59292,30284,360,226
0.59375,29792,357,224
0.6,29040,352,220
0.613636,29700,355,220
0.622727,30140,357,220
0.382872,60344,549,397
0.397985,62726,555,397
0.40806,64314,559,397
0.415617,65505,562,397
0.43073,67887,568,397
0.443325,69872,573,397
0.455919,71857,578,397
0.468514,73842,583,397
0.489744,74490,581,390
0.505208,74496,578,384
0.525199,74646,575,377
0.580524,41385,422,267
0.624506,39974,411,253
0.597143,73150,559,350
0.47929,54756,500,338
0.675841,72267,548,327
0.529968,53256,485,317
0.543131,53210,483,313
0.575251,51428,471,299
0.606272,49938,461,287
0.635379,48752,453,277
0.649635,48772,452,274
0.679389,46636,440,262
0.576613,35464,391,248
0.614108,35668,389,241
0.598291,32760,374,234
0.608696,32200,370,230
0.625,31360,364,224
0.647059,31603,364,221
0.608511,33605,378,235
0.63964,31524,364,222
0.607759,32712,373,232
0.639269,30660,359,219
0.661972,30033,354,213
0.638009,31161,362,221
0.627803,31220,363,223
0.622222,31500,365,225
0.627803,31220,363,223
0.627803,31220,363,223
0.630631,31080,362,222
0.638009,31161,362,221
0.638009,31161,362,221
0.636364,30800,360,220
0.639269,30660,359,219
0.630631,31080,362,222
0.630631,31080,362,222
0.633484,30940,361,221
0.636364,30800,360,220
0.648148,30240,356,216
0.633484,30940,361,221
0.638009,31161,362,221
0.639269,30660,359,219
0.617778,31275,364,225
0.623318,30997,362,223
0.620536,31136,363,224
0.605381,30105,358,223
0.602679,30240,359,224
0.588745,31416,367,231
0.584416,31185,366,231
0.588496,30058,359,226
0.545833,31440,371,240
0.568376,31122,367,234
0.561702,31020,367,235
0.525896,33132,383,251
0.547718,31812,373,241
0.520161,31992,377,248
0.505882,32895,384,255
0.505837,33410,387,257
0.494208,33152,387,259
0.466418,33500,393,268
0.450549,33579,396,273
0.382716,10044,224,162
0.502222,25425,338,225
0.405797,30912,388,276
0.444015,29785,374,259
0.434457,30972,383,267
0.448399,35406,407,281
0.419872,40872,443,312
0.434783,45080,462,322
0.781818,59125,490,275
0.891213,50907,452,239
0.842742,51832,457,248
0.819277,50796,453,249
0.81405,47674,439,242
0.793388,46464,434,242
0.769874,43976,423,239
0.763948,41474,411,233
0.733906,39843,404,233
0.706897,38048,396,232
0.679487,37206,393,234
0.684211,35568,384,228
0.678414,34958,381,227
0.682819,35185,382,227
0.700461,32984,369,217
0.718894,33852,373,217
0.684444,34650,379,225
0.724771,34444,376,218
0.685841,35030,381,226
0.711111,36000,385,225
0.711712,35076,380,222
0.711111,36000,385,225
0.41519,64780,559,395
0.423858,65798,561,394
0.420253,65570,561,395
0.421717,66132,563,396
0.478908,77779,596,403
0.426768,66924,565,396
0.45614,72618,581,399
0.449029,76220,597,412
0.424242,66528,564,396
0.45,72000,580,400
0.419192,65736,562,396
0.454545,71280,576,396
0.46384,74586,587,401
0.441919,69300,571,396
0.44757,68425,566,391
0.492228,73340,576,386
0.506702,70497,562,373
0.539773,66880,542,352
0.575668,65378,531,337
0.706522,53820,471,276
0.762452,51939,460,261
0.8,52020,459,255
0.79918,47580,439,244
0.856502,42593,414,223
0.757692,51220,457,260
0.726236,50233,454,263
0.766798,49082,447,253
0.78,48750,445,250
0.811715,46366,433,239
0.817797,45548,429,236
0.828326,44969,426,233
0.830435,43930,421,230
0.842795,44197,422,229
0.824034,44736,425,233
0.806723,45696,430,238
0.428571,24276,340,238
0.4,22090,329,235
0.39916,22610,333,238
0.386831,22842,337,243
0.387755,23275,340,245
0.705521,18745,278,163
0.34127,21672,338,252
0.341176,22185,342,255
0.692771,19090,281,166
0.606383,21432,302,188
0.597884,21357,302,189
0.591623,21583,304,191
0.588542,21696,305,192
0.373206,16302,287,209
0.349345,18320,309,229
0.5,25538,339,226
0.339056,18407,312,233
0.470588,26656,350,238
0.453441,27664,359,247
0.437008,28194,365,254
0.417293,29526,377,266
0.306569,23016,358,274
0.292835,30174,415,321
0.544118,62900,525,340
0.54955,60939,516,333
0.581699,54468,484,306
0.596667,53700,479,300
0.584416,55440,488,308
0.604027,53640,478,298
0.581169,55132,487,308
0.565079,56070,493,315
0.451531,69384,569,392
0.466837,71736,575,392
0.459184,70560,572,392
0.454082,69776,570,392
0.459184,70560,572,392
0.452442,68464,565,389
0.455013,68853,566,389
0.451531,69384,569,392
0.458763,69064,566,388
0.467866,70798,571,389
0.469072,70616,570,388
0.474227,71392,572,388
0.47449,72912,578,392
0.471939,72520,577,392
0.47449,72912,578,392
0.471939,72520,577,392
0.454082,69776,570,392
0.44898,68992,568,392
0.424936,65631,560,393
0.448363,70666,575,397
0.465174,75174,589,402
0.473552,74636,585,397
0.482143,74088,581,392
0.388724,44147,468,337
0.392749,43030,461,331
0.393939,42900,460,330
0.390769,41275,452,325
0.393846,41600,453,325
0.401254,40832,447,319
0.405063,40448,444,316
0.396166,38812,437,313
0.403226,38750,435,310
0.415033,38862,433,306
0.417219,38052,428,302
0.421405,37674,425,299
0.43299,36666,417,291
0.440559,36036,412,286
0.451613,35154,405,279
0.463235,34272,398,272
0.486692,33664,391,263
0.496154,33540,389,260
0.53629,32984,381,248
0.560166,32535,376,241
0.56962,31995,372,237
0.605263,31464,366,228
0.615044,31414,365,226
0.626667,31725,366,225
0.652778,30456,357,216
0.69378,30305,354,209
0.721951,30340,353,205
0.703704,32832,368,216
0.785,31400,357,200
0.795812,29032,343,191
0.805263,29070,343,190
0.843243,28860,341,185
0.865922,27745,334,179
0.846995,28365,338,183
0.835106,29516,345,188
0.908046,27492,332,174
0.890805,26970,329,174
0.896552,27144,330,174
0.829787,29328,344,188
0.892045,27632,333,176
0.912791,27004,329,172
0.903409,27984,335,176
0.849462,29388,344,186
0.858696,29072,342,184
0.884615,29302,343,182
0.873626,28938,341,182
0.95,30780,351,180
0.916667,29700,345,180
0.971264,29406,343,174
0.934783,31648,356,184
0.933702,30589,350,181
0.961326,31494,355,181
1.04142,29744,345,169
1.04734,29913,346,169
0.672316,21063,296,177
0.721893,20618,291,169
0.674286,20650,293,175
0.7,20230,289,170
0.682081,20414,291,173
0.66474,19895,288,173
0.447205,11592,233,161
0.710843,19588,284,166
0.528736,16008,266,174
0.409091,12672,248,176
0.505556,16380,271,180
0.592593,15552,258,162
0.873684,31540,356,190
0.868421,31350,355,190
0.911458,33600,367,192
0.312977,5371,172,131
0.773973,16498,259,146
0.865672,15544,250,134
0.852941,15776,252,136
0.783784,17168,264,148
0.783784,17168,264,148
0.783784,17168,264,148
0.773333,17400,266,150
0.769737,17784,269,152
0.764706,17901,270,153
0.764706,17901,270,153
0.754839,18135,272,155
0.539171,25389,334,217
0.539171,25389,334,217
0.450161,43540,451,311
0.4875,28080,357,240
0.4875,28080,357,240
0.688235,19890,287,170
0.4875,28080,357,240
0.659091,20416,292,176
0.655367,20532,293,177
0.637363,21112,298,182
0.644444,20880,296,180
0.644444,20880,296,180
1.38164,59202,493,207
0.637363,21112,298,182
0.644444,20880,296,180
0.640884,20996,297,181
0.644444,20880,296,180
0.659091,20416,292,176
0.640884,20996,297,181
0.637363,21112,298,182
0.644444,20880,296,180
0.674419,19952,288,172
0.651685,20648,294,178
0.690476,19488,284,168
0.694611,19372,283,167
0.469256,44805,454,309
0.487395,27608,354,238
0.487395,27608,354,238
0.487395,27608,354,238
0.487395,27608,354,238
0.75817,17748,269,153
0.75817,17748,269,153
0.763158,17632,268,152
0.771812,17135,264,149
0.777027,17020,263,148
0.386207,32480,402,290
0.763889,15840,254,144
0.423611,8784,205,144
0.423611,8784,205,144
0.609023,10773,214,133
0.43609,7714,191,133
0.363636,6336,180,132
0.651163,10836,213,129
0.398374,6027,172,123
0.485149,4949,150,101
1.42647,6596,165,68
0.365854,5535,168,123
0.352459,5246,165,122
0.202614,4743,184,153
0.510638,18048,284,188
0.243478,3220,143,115
1.3304,68554,529,227
1.06452,9207,192,93
0.310881,11580,253,193
0.427083,15744,274,192
0.827869,12322,223,122
0.776978,15012,247,139
0.776978,15012,247,139
0.75,15552,252,144
0.696774,16740,263,155
0.670807,17388,269,161
0.335294,38760,454,340
0.327536,38985,458,345
0.321839,38976,460,348
0.323782,39437,462,349
0.333333,40368,464,348
0.344828,41760,468,348
0.318966,38628,459,348
0.86747,149400,775,415
0.453757,54322,503,346
0.33237,39790,461,346
0.32948,39444,460,346
0.33237,39790,461,346
0.330435,39330,459,345
0.372832,44634,475,346
0.330435,39330,459,345
0.330435,39330,459,345
0.330435,39330,459,345
0.365217,43470,471,345
0.328488,38872,457,344
0.331395,39216,458,344
0.328488,38872,457,344
0.328488,38872,457,344
0.325581,38528,456,344
0.322674,38184,455,344
0.328488,38872,457,344
0.328488,38872,457,344
0.328488,38872,457,344
0.594444,19260,287,180
0.325581,38528,456,344
0.607955,18832,283,176
0.664596,17227,268,161
0.708609,16157,258,151
0.727891,15729,254,147
0.748252,15301,250,143
2.35448,169108,899,268
0.614943,18618,281,174
0.522936,24852,332,218
1.38806,6231,160,67
0.300813,4551,160,123
0.3,4320,156,120
0.307692,4212,153,117
0.275,3960,153,120
0.267241,3596,147,116
0.232,3625,154,125
0.206107,3537,158,131
0.201493,3618,161,134
0.203008,3591,160,133
0.216418,3886,163,134
0.197183,3976,170,142
0.180328,2684,144,122
0.178862,2706,145,123
0.30303,33000,430,330
0.309816,32926,427,326
0.382716,40176,448,324
0.386293,39804,445,321
0.403175,40005,442,315
0.384615,37440,432,312
0.361564,34077,418,307
0.372937,34239,416,303
0.393939,34749,414,297
0.40339,35105,414,295
0.43007,35178,409,286
0.451613,35154,405,279
0.465201,34671,400,273
0.481203,34048,394,266
0.488462,33020,387,260
0.505837,33410,387,257
0.516,32250,379,250
0.526531,31605,374,245
0.548117,31309,370,239
0.562232,30523,364,233
0.583333,30324,361,228
0.596413,29659,356,223
0.621622,30636,360,222
0.635945,29946,355,217
0.65566,29468,351,212
0.615385,30056,357,221
0.679612,28840,346,206
0.704433,29029,346,203
0.715,28600,343,200
0.71066,27580,337,197
0.725389,27020,333,193
0.742105,26790,331,190
0.740741,26460,329,189
0.704082,27048,334,196
0.76087,25760,324,184
0.736842,26600,330,190
0.744444,24120,314,180
0.758242,25116,320,182
0.744681,26320,328,188
0.783333,25380,321,180
0.773481,25340,321,181
0.786517,24920,318,178
0.783333,25380,321,180
0.794444,25740,323,180
0.776536,24881,318,179
0.787709,25239,320,179
0.786517,24920,318,178
0.797753,25276,320,178
0.786517,24920,318,178
0.775281,24564,316,178
0.785311,24603,316,177
0.785311,24603,316,177
0.79661,24957,318,177
0.79096,24780,317,177
0.8,24500,315,175
0.806818,24992,318,176
0.794286,24325,314,175
0.801136,24816,317,176
0.789773,24464,315,176
0.782857,23975,312,175
0.748571,22925,306,175
0.76,23275,308,175
0.770115,23316,308,174
0.754286,23100,307,175
0.748571,22925,306,175
0.745763,23364,309,177
0.740113,23187,308,177
0.745763,23364,309,177
0.751412,23541,310,177
0.60452,18939,284,177
0.539773,16720,271,176
0.517045,16016,267,176
0.553672,17346,275,177
0.491525,15399,264,177
0.466292,14774,261,178
0.558011,18281,282,181
0.653846,21658,301,182
0.639785,22134,305,186
0.670213,23688,314,188
0.697917,25728,326,192
0.682051,25935,328,195
0.733333,27885,338,195
0.738693,29253,346,199
0.740933,27599,336,193
0.825581,24424,314,172
0.779006,25521,322,181
0.852941,15776,252,136
0.802817,16188,256,142
0.79021,16159,256,143
0.768707,16611,260,147
0.741722,16912,263,151
0.718954,16830,263,153
0.685535,17331,268,159
0.68323,17710,271,161
